id,name,gender,age,birthdate,address
07d04547-250e-47d4-b188-b0ee4f4bc154,조은지,Male,20,2004-12-20,부산 강서구 61로 30
9e2465c5-5786-4294-9997-3abd4025fe5d,강승현,Male,62,1962-03-08,부산 남구 52로 51
a32604e2-c060-4ab3-88d7-a1b25e84c713,박지예,Male,48,1976-04-07,서울 남구 17길 27
e9d408d6-99a4-4dfa-9f35-4801edbdb05a,박승현,Female,39,1985-12-20,서울 중구 9길 91
291e6c23-d09d-474a-a73f-55fea13a6c1b,이지예,Male,43,1981-05-26,부산 남구 89로 87
634e88c1-8fcb-4b70-8381-0c50dcb0a273,조지예,Male,30,1994-05-04,서울 서구 99길 5
373f3fd7-1f46-4e7e-a1e2-29bb68b624b5,이예진,Female,40,1984-12-13,광주 남구 30로 79
20f9b401-26a2-40e0-ae3b-58c45e92843b,박지우,Male,51,1973-01-10,광주 강서구 42길 9
37a33591-0881-4b3c-bcfc-7980f3f7b813,최지호,Male,29,1995-05-05,대구 남구 98로 44
bd0316e2-20d6-48c6-bd73-c82b85b21355,김예진,Female,24,2000-01-06,광주 서구 11로 94
0aad664a-a831-44ef-9252-37b35ecdcb57,박승현,Male,16,2008-02-08,서울 중구 7로 79
a3da8157-2a8a-46de-b067-da79eeb654f8,조하은,Female,32,1992-09-30,대구 서구 48로 71
3b5f6926-396f-42cb-bfcd-789e5631c8f8,김지유,Male,49,1975-05-03,대구 강서구 3로 89
6d497a06-e3cc-466c-9a6a-513e7b46f086,김시우,Female,40,1984-02-26,대구 서구 89로 35
c443efa9-87ae-4a91-b057-2c73a6ce04b5,김하은,Female,59,1965-02-19,부산 강서구 20길 18
d70d14b2-1900-49cf-8af2-5b75495e55c8,김지호,Male,14,2010-07-24,광주 강서구 66로 41
1657656a-1b41-4ab5-9030-2d1f6341e64b,김하은,Male,21,2003-06-23,서울 서구 83길 25
57242faa-3f0c-4765-8a07-179f1397d139,이은우,Female,34,1990-05-06,서울 서구 58로 30
8520097a-532a-4c29-aba5-884a1b6de6c0,조은우,Female,17,2007-07-26,대구 중구 73로 97
8877deb4-4a97-4a85-9dbd-b5a85fd8d154,최은우,Female,55,1969-07-12,서울 남구 89로 55
3d0dac57-06b1-41ec-9483-45547d3a9aa1,이지유,Male,60,1964-01-28,서울 강서구 27로 81
3f728fb1-6035-4c69-9a2a-bb69a1bf9cef,이아윤,Female,41,1983-10-13,대구 남구 15로 83
5124eaf4-082b-4b89-bec0-b1d001cd6725,최지호,Male,19,2005-11-20,광주 남구 50로 86
5b06a917-9585-49bb-b007-5f1575a5f75f,장하은,Female,25,1999-06-31,부산 중구 8길 92
3e128c5c-37c4-4384-a4db-7dc2718e986c,최아윤,Female,58,1966-12-19,부산 강서구 86로 78
bf3e8f7f-54ee-494b-8b0f-312b6925161e,박예지,Male,23,2001-09-28,부산 서구 40길 87
66d4deb5-31f1-40e0-9f13-61754a5f368a,장지유,Female,53,1971-05-23,부산 중구 82길 29
2e81ed1c-db92-4ad6-938a-c12cd5e44bb6,박아윤,Female,21,2003-12-32,대구 남구 57길 24
30331def-8c60-489a-8e83-69f225d21d28,조지우,Male,47,1977-05-20,광주 서구 57로 22
f66f111e-d1fa-4bab-b82a-1fb93a12c432,조아윤,Male,27,1997-09-06,부산 중구 96길 75
cec617a6-aa08-4313-b3e0-4137e2fe8ea3,장은지,Female,21,2003-08-23,대구 강서구 8로 81
dfbfa94d-1753-4472-ad26-b5f0159a8aaf,최하은,Female,45,1979-05-25,대구 중구 68길 69
f90165c4-2087-429c-8c22-d23cbd8a8192,김은우,Female,47,1977-11-12,광주 서구 76로 77
a94b720c-078b-48f9-844c-95b8e8878fe5,김시우,Male,37,1987-06-20,광주 남구 38로 76
e372dcb7-0670-44b3-9dd7-559436867462,박지예,Female,32,1992-05-19,부산 서구 4로 41
6a50991d-61c3-4168-a11d-87e883c44bca,조지우,Male,56,1968-01-25,광주 강서구 3길 51
c5fe6374-cfb3-4d79-9fe9-93f0c4eff769,조은우,Female,55,1969-10-12,대구 강서구 31로 53
cfb9ba97-d42f-4b04-8dbc-f8d1686e4489,장예지,Male,29,1995-12-24,서울 서구 23길 73
af75f00e-b2a9-4b7b-ba4b-aaa995293a4d,장지민,Male,36,1988-08-25,부산 강서구 82로 98
45921145-4d95-46f4-9f75-69792d90055a,강지호,Male,53,1971-07-10,광주 강서구 48로 77
06f9f63a-b940-4209-bdd1-268ab5024b9c,강하은,Female,35,1989-09-17,대구 서구 53로 7
17e42c79-6313-445a-bd2d-2e927959c8ee,강승현,Male,21,2003-05-01,서울 남구 22길 96
6018ce4d-8bce-4b09-92c8-8e9c03350853,김예진,Female,51,1973-06-08,광주 남구 74로 44
4b325957-3d5d-48d7-8ee9-40cc7cf25a8a,강하은,Male,54,1970-06-25,대구 강서구 11로 81
56d2639a-73a9-4860-abe8-fe102a8b9995,조지우,Male,41,1983-02-26,부산 남구 33로 68
b7a76747-6bed-4439-84fd-f4263c23295e,박서준,Male,63,1961-05-23,광주 강서구 87길 89
7813c2db-5871-4485-ab9c-a758d987f65e,강지예,Female,64,1960-05-19,대구 강서구 92길 18
b1a92b44-e7a2-41cc-aeb4-7937ad721181,조예진,Male,24,2000-04-08,대구 강서구 85길 44
d10763cf-f646-4273-9a52-c137c0eba31a,장지호,Male,18,2006-05-24,대구 중구 92로 3
283abdf0-d43e-4fe1-8fa4-6c2ddad4c861,이시우,Male,36,1988-06-24,광주 중구 66길 79
3e55dbf4-4f80-4fc3-9689-80dc47acc84c,김지호,Male,27,1997-11-15,대구 중구 97로 48
b3572792-fcb6-4533-abcf-dda65d9de0b5,이지호,Male,64,1960-12-22,부산 강서구 70로 75
8a59995e-cef6-4721-9a24-c15a9b8b9b3b,박지예,Female,31,1993-05-15,부산 강서구 18길 54
d6030e91-1d48-4b37-b6b9-2b695630c24c,김예진,Male,57,1967-03-13,광주 서구 70로 2
fdee53f1-d9a9-4d95-8725-b5a267cf326c,강은우,Male,44,1980-06-26,광주 남구 72로 58
3fda2b67-b65d-485a-b764-9118629a7d8c,이아윤,Male,21,2003-10-10,광주 중구 85로 7
e4755b21-3f25-4189-a816-5b79f54369c0,최하은,Female,62,1962-06-03,부산 남구 65로 27
2cadf94f-6176-47f7-9be7-280e754ccd84,김준영,Female,32,1992-05-01,서울 남구 74로 5
d9cb3117-bb85-4a12-b76c-559de6f2d60d,조서준,Male,25,1999-01-30,서울 남구 1길 80
e5295ba5-a38e-4f2d-affd-014f34cc59c2,강아윤,Female,23,2001-06-18,서울 서구 99길 36
95de38d4-3d0c-4d30-bdc6-dd2763a7d978,이지우,Male,26,1998-12-30,광주 남구 93로 58
8f33941c-59f3-482b-a7b7-3688886e7929,조은우,Female,48,1976-11-24,서울 중구 53길 72
dd1e0c09-1a69-46dc-baba-6a76728018ee,강아윤,Female,56,1968-03-09,대구 중구 87로 94
bb134996-f721-40a5-96a2-b3afaac74f9b,김시우,Female,40,1984-08-27,대구 중구 99길 13
db982605-87bd-4137-a6e7-20ced1add5f8,강지예,Male,53,1971-02-17,부산 중구 86길 16
421f6872-d015-4243-9195-787e24e10df2,최시우,Female,47,1977-07-11,서울 강서구 1로 33
674d4830-be32-40e8-b0d1-20ee182ddfba,장아윤,Male,47,1977-06-04,광주 중구 40로 61
48e5f1d7-437f-46c2-b4e0-56e0e43d8f0d,강지유,Male,20,2004-04-31,부산 중구 25로 48
9cf15f8d-5a7b-424a-b65e-4d7f82256200,박은지,Male,32,1992-09-17,대구 강서구 73로 52
941b08ed-af64-4c3b-b41f-8bb3dd774fff,박하은,Male,16,2008-07-18,서울 중구 25길 58
f81d1cbe-58e5-40f5-9f48-b5c7637e483a,장은우,Female,28,1996-06-24,부산 서구 3로 92
0214e1ec-64ef-41e9-969d-e93c968b254b,최예진,Male,19,2005-01-18,광주 중구 46로 4
17385de6-c6d8-4e55-a488-8c71a5fe602d,김서준,Female,32,1992-01-04,부산 중구 25로 66
0b98a82e-b403-46f3-901e-e4b951c65d8e,강하은,Male,29,1995-01-07,대구 서구 71길 40
8c16192d-1662-462d-bd97-75041947448a,최준영,Male,53,1971-07-15,부산 남구 91길 56
6eafcfbf-6500-4f0b-b4fa-86199f4180ba,장지호,Male,21,2003-01-08,부산 서구 22로 91
cd6e1579-95e7-48ab-b1df-ce2c4eb11af2,장지유,Female,29,1995-03-07,광주 서구 58로 61
b7966e05-f33e-4074-9d03-e80330629427,김하은,Male,54,1970-01-14,부산 중구 67길 69
5ca6713c-c091-4ea2-8efa-967bb2de4a5f,김서준,Male,23,2001-11-18,대구 서구 99길 43
0b455f65-f82a-4217-8352-378c2f1d4187,김은우,Male,58,1966-10-19,대구 서구 32길 12
540d2eed-f316-43ed-a565-fd7a2cf7954a,강승현,Female,39,1985-07-24,광주 중구 35길 63
7c196748-eaee-4b97-a498-c8db88350ab2,김지민,Male,21,2003-06-17,대구 중구 7길 81
939bc9fa-878f-4972-b8b6-06e884c20f2e,이지민,Male,28,1996-11-19,서울 서구 82길 6
74d0320c-20db-4c1f-beb6-0fb310aab65a,강아윤,Male,29,1995-09-28,부산 강서구 83길 7
f50fd0a5-ecbb-42e8-8db8-bca51737bae1,강하은,Female,16,2008-04-11,서울 중구 49로 18
5b331626-a8f4-4ae7-be53-0e09138d6e55,김하은,Male,36,1988-05-29,광주 중구 30로 35
303199b5-cbe6-4e57-b674-f367cf6817ca,이예진,Female,44,1980-07-10,서울 강서구 84길 71
77398602-65b0-474a-9f3c-b60a37fed123,조준영,Male,50,1974-02-02,부산 서구 28로 57
b8be8829-394a-42a4-a358-9df975190005,장예지,Male,59,1965-06-26,광주 중구 69로 64
0891616d-81f9-4d01-940c-5f66a2839b21,최지유,Female,16,2008-06-20,부산 서구 76길 70
4549b414-2931-4688-b32f-bccf02971f21,장은우,Female,19,2005-09-04,서울 서구 47길 30
2fc3cfb4-6178-410c-addb-e8f0f5573a9f,김예진,Female,40,1984-03-27,광주 서구 19길 53
ec1880d4-691c-403a-9f55-0661e2de35df,조지민,Female,19,2005-05-19,대구 중구 5길 65
b093c3ef-8233-4889-96bd-13d06ffcbeef,이하은,Female,44,1980-02-30,서울 중구 34로 95
a1a44382-3722-4754-ba66-06155a867b3a,강예진,Male,50,1974-10-25,서울 남구 90로 12
15d42b5d-d416-4104-9ee4-21341a3243d5,장예지,Male,36,1988-12-08,서울 중구 71로 48
eefd5741-299f-4bfd-addc-935e8c17940a,최지우,Female,56,1968-03-11,광주 서구 77길 54
afa7bfc6-d860-4ea2-a7c0-46e59c36e284,박예진,Female,44,1980-07-13,부산 서구 7길 85
09c99975-d70b-4b23-a576-36b003b0c684,강하은,Female,14,2010-12-02,대구 중구 77로 44
71e476d9-bf4b-4b46-814c-aa4da3e0f799,이지예,Male,24,2000-12-24,부산 서구 36로 80
ab59007d-6ea0-49a4-846b-e53a8d3017f8,장하은,Female,56,1968-02-20,광주 중구 82길 62
7882c583-9f3d-4465-8bf1-40ba381269a8,박은지,Male,38,1986-04-28,부산 강서구 52길 64
f1db8269-2831-4d28-bb9b-42d6a718e11e,박시우,Male,44,1980-12-11,서울 남구 41로 75
77709daa-6b49-4fad-afd6-e39c14f11e6b,장준영,Female,38,1986-06-03,서울 중구 88길 66
02ce3e9f-1540-4b1f-9c3f-60893c9d0a05,김예지,Male,64,1960-08-04,서울 강서구 60길 10
b8e98df3-ea95-4513-bc0a-567012b8d83b,강예진,Male,23,2001-05-08,서울 남구 3로 92
fa7429e9-af6f-41cd-9bcd-3cee177918aa,조서준,Female,37,1987-02-24,대구 중구 11로 76
d8111f3f-c4ff-4a83-bd35-fd4fb4954379,최하은,Male,29,1995-10-13,서울 강서구 3길 73
1f542294-7b18-47ec-8326-18de6041878c,조서준,Female,28,1996-03-19,부산 강서구 1로 96
d0b484ef-a6f0-4e5d-bdba-336c37d39af9,장지유,Male,43,1981-10-23,부산 서구 48길 5
c990282d-4452-4afa-9d2c-11971f5dd862,이지우,Male,47,1977-12-32,부산 중구 22길 64
cd75c301-2165-4424-a275-b63789718eec,조서준,Female,54,1970-01-13,서울 남구 29길 2
7fc2fbcd-ab8d-4461-a6af-4104ff688bf2,박하은,Female,55,1969-09-11,부산 강서구 89길 98
b46f4429-6e7b-4825-91d2-c49464526afb,장은지,Female,51,1973-09-10,광주 강서구 68로 63
1f11ed20-36ed-4219-8c2b-1e6e371dd7e6,이하은,Female,20,2004-09-22,서울 강서구 54로 69
5448a2d9-6cc2-4f83-b82f-c7c4578b22de,김지민,Male,31,1993-12-26,서울 강서구 5길 18
c822d780-ad50-4c99-b9eb-a16bdbfdf32d,최하은,Male,21,2003-12-22,광주 서구 89로 14
3ee05fd1-562a-4630-9ec6-694c2a3104a0,김예진,Female,17,2007-11-28,부산 중구 99길 38
3f982ff0-1054-49fe-9f41-2ac5fd97e509,강하은,Male,22,2002-08-25,서울 서구 78로 25
8154349d-0a7b-454f-a5de-936ef2f69d82,조준영,Female,47,1977-07-22,광주 서구 80로 14
697477f6-fbd6-4b2c-85c8-951d35ae3855,박아윤,Female,52,1972-04-24,광주 중구 93길 9
9753c696-dcf5-4244-8381-858d6f07bd01,장시우,Male,27,1997-06-19,부산 남구 85로 53
ffd685fb-8392-4c84-9f94-d79e545e30b7,조지우,Female,45,1979-12-15,대구 강서구 96로 64
f451ffe2-8bf3-4a56-9879-8f964a7c7068,조예지,Male,49,1975-02-17,부산 서구 26길 13
32e9408a-158a-4963-ad37-52b454657a87,박예진,Female,24,2000-03-06,서울 강서구 90길 10
113226d6-8142-4038-81b3-8d6a339de097,이하은,Male,52,1972-10-02,서울 중구 94로 85
4afa729a-bd79-40cf-993a-3ecbd66cefd4,장아윤,Female,47,1977-02-10,부산 강서구 62로 85
21f2a31b-bbb9-4e9a-910f-6d18ff11f5f4,이지호,Female,26,1998-04-04,대구 서구 21길 30
1302b26e-c432-4490-9f62-8536fb53b292,박지우,Female,52,1972-02-06,서울 중구 55로 52
a1e2750d-e974-4199-811d-df012a7aed23,조지예,Male,22,2002-04-01,대구 남구 87길 26
748980d4-ffdd-4f99-8c7f-7ae367d071fe,장승현,Female,24,2000-12-21,부산 서구 29로 93
257484cd-6c77-420c-947b-bee7bb71bccf,강지유,Female,47,1977-06-17,대구 서구 78길 82
c96f4780-5061-4e2b-8ce3-1d3bb98b4e5d,이승현,Female,60,1964-03-07,서울 중구 81로 78
562fe2f0-a557-4db3-b547-aa71c50ac938,김준영,Female,29,1995-07-29,대구 강서구 6길 83
24d2f42e-53bd-4c59-8d81-964a55e37f4c,박승현,Male,36,1988-12-12,부산 중구 47로 95
cdb5eb54-7bd7-407e-a22d-b49188c3c295,김지호,Male,19,2005-11-29,부산 강서구 15길 89
365940a1-4cc1-4e2b-873d-bd1bc1aae261,장은우,Female,28,1996-06-22,부산 중구 12로 22
b0c86965-a23f-47c9-8ee7-86b609a95506,이지민,Female,39,1985-10-24,서울 서구 37로 99
74833059-d1c8-40ae-848d-42971914294c,이서준,Male,58,1966-11-29,광주 중구 98길 36
651a787c-ba5a-4d80-852a-051c769ae05e,최아윤,Male,19,2005-08-11,서울 남구 70로 16
28975696-9ded-4839-a893-ee910625c713,최지민,Male,61,1963-06-08,광주 서구 33로 40
02ab3ce4-2fad-4759-8c30-7ef5c05cef78,이하은,Male,50,1974-08-19,대구 강서구 97길 70
17449cb9-3e19-4102-9319-6a8fdc37960d,최시우,Female,37,1987-04-31,광주 중구 44길 13
38281df9-f8b3-48c8-82f5-a373ce1be369,조지민,Male,49,1975-01-08,서울 남구 19길 43
24d8b13e-4d17-412e-aa5d-9403ffb1b9e1,김예진,Female,15,2009-08-23,대구 강서구 38로 26
5babd1b6-6f50-4c1f-bccb-e218e6084fa6,김지호,Male,51,1973-02-28,부산 중구 69로 5
dc41b453-dacc-4318-abfd-e7776818e17c,강지유,Male,50,1974-08-09,서울 남구 69길 73
48d88642-ff1c-48a1-ba19-5892f58aaf3d,박지우,Female,51,1973-01-31,대구 서구 85길 33
163c0fb7-1e5d-45e7-a394-326030959afa,최은지,Female,17,2007-07-31,서울 서구 70길 14
1eb8064d-8ff6-4544-8fbe-3601db7e2ec3,김준영,Female,31,1993-11-25,부산 남구 28로 82
a748ae00-5217-4da4-bcbd-ae060192d273,조은우,Male,51,1973-05-17,부산 중구 69로 13
acee3f6d-29d7-40be-9b50-878ed03179e1,강예지,Female,62,1962-06-13,대구 중구 12길 78
edf8ac12-ce77-483b-878b-298334232c26,최시우,Female,27,1997-06-26,대구 중구 43길 98
9a42cdef-cdff-44da-8713-33e39e1bd7c7,조지예,Female,15,2009-10-07,서울 중구 50로 6
4e38f7ee-d6ac-4646-b9ac-d9e8b95cd44c,김하은,Male,50,1974-07-08,광주 서구 4로 88
415cd1f0-047f-40b1-b49a-16c8ac54b7ab,조지호,Male,31,1993-10-27,부산 남구 50로 25
adbd9a8a-a3ff-49be-9823-9c005dcaf2b7,이하은,Female,59,1965-07-23,광주 남구 67길 17
571d22fa-6e99-4d6e-aa3b-0869283b7114,박아윤,Male,61,1963-10-19,광주 강서구 35길 44
95d06f74-993e-4f1a-b630-90a21e3dabb9,강지우,Male,46,1978-05-11,부산 남구 13로 70
52519ed1-fbdd-4429-bcc4-7932c73a00c8,강서준,Male,61,1963-06-12,부산 서구 80길 28
bf7918b8-2f25-4dbd-921a-2e241eb89507,최시우,Female,37,1987-10-14,대구 중구 42로 77
b9576362-fcd4-42fc-9c81-631c7c0d03f6,최승현,Female,41,1983-12-16,대구 중구 30길 91
009fd543-c365-49c1-b0a7-44d7190003aa,최예지,Male,44,1980-10-14,서울 남구 56길 17
ce4b9e74-124c-401a-b934-893185411129,박지호,Male,19,2005-10-21,서울 강서구 45길 86
4c321812-8dd4-4598-8b49-c378f4b8787c,박은지,Male,24,2000-04-06,광주 강서구 99길 55
efc1ff8d-dec6-4f50-aa69-921a4f039d11,김은우,Male,18,2006-03-25,대구 남구 28로 26
4a9b6f71-2e2a-41b0-beb4-8ebb11e05af8,김시우,Female,39,1985-07-30,서울 서구 45길 35
1bb53bcd-f4a2-49d2-8a87-3cd17d4b00d4,장하은,Female,24,2000-10-07,광주 서구 56길 47
0ef019b5-3d12-4f76-be97-b708c01a8396,김준영,Male,43,1981-02-23,서울 서구 55길 50
f33b68e9-34fd-48c4-b9b6-afef0a627f35,최지우,Female,35,1989-02-13,대구 서구 27로 94
29851777-1c1f-4574-882b-c6ade352b0d0,이하은,Male,59,1965-05-23,대구 강서구 7길 69
caee00da-c9aa-4d06-a01c-c66a3a4b40b4,조지민,Male,34,1990-03-13,부산 서구 52로 97
5a2179e0-c004-43b8-b614-357064bd7324,박은지,Male,42,1982-12-30,부산 중구 8길 44
22804b9b-7718-453f-b564-52003bb11a60,최예진,Female,23,2001-10-09,부산 서구 39로 45
1622d650-9f7c-4270-a006-58bcf92cff52,이지우,Male,34,1990-06-04,부산 서구 69로 29
c6a15f2c-69cf-418d-9b02-15f04edf0d5b,조은지,Male,37,1987-12-26,부산 강서구 94길 84
9ed604a4-8794-4f8a-9b67-2f7c55e4ca26,강서준,Male,63,1961-10-19,광주 남구 44로 66
9b8de2b1-4707-4d58-9368-37e0b32ad4a5,김지호,Female,60,1964-02-09,서울 남구 3길 46
0940ec57-1509-4037-95b0-99279cdf3b55,박지호,Male,53,1971-10-02,대구 서구 82길 64
a2345072-7156-4968-8526-4dfc91e50351,이하은,Female,23,2001-10-16,부산 강서구 71길 61
260f1ff3-97a0-4251-bb42-01a0ad703102,이승현,Male,14,2010-10-12,부산 서구 16로 5
43e41465-67c4-421a-b017-38b790aad0fe,이예지,Male,18,2006-10-30,대구 남구 12길 28
a7ee8d80-cc7a-427a-b714-40ab7c273696,강지민,Female,56,1968-09-27,서울 서구 9로 55
b0dc49f2-4ae7-4e34-adf2-5b6bdf1e8e72,강예진,Female,18,2006-02-26,부산 강서구 81로 80
ac8c3da5-c72a-47a0-a113-2d46b570a6cd,조아윤,Female,15,2009-01-13,부산 서구 49로 58
b5c5cde9-b685-4985-bd27-7780543b55bb,장하은,Female,15,2009-05-32,부산 중구 7로 78
46ceb69c-2b42-41e0-ac99-961b860af835,장준영,Female,20,2004-02-07,대구 중구 3로 76
691f69a3-437a-4293-9de8-ec6fd7dc49c2,장지유,Male,44,1980-07-22,대구 남구 35로 42
cc45e0a7-6a49-45c6-a93a-2110c3b141b0,조아윤,Male,32,1992-11-28,대구 남구 50로 94
5312553e-8061-4a6d-a9dc-8568d7738e4e,장은지,Male,36,1988-01-04,부산 강서구 38로 74
da686f06-88e1-46a8-bec3-77b51ec2f2bf,이시우,Male,59,1965-03-25,대구 강서구 69길 94
9021115d-65b2-4aa8-9a3c-587d76050250,박준영,Male,25,1999-02-15,광주 남구 66로 73
0e6f827a-1da8-4a2e-81e5-34bde38d8193,최하은,Male,63,1961-03-17,서울 남구 86로 8
20450670-3d0a-461b-add3-6d181883cad9,이준영,Male,64,1960-03-07,대구 남구 53길 15
331dd6d8-02d7-4e96-8107-32ec306850d0,장시우,Male,17,2007-03-03,부산 서구 22로 28
5fdf64f2-c718-4f5e-8914-671e81d394c3,조예지,Female,19,2005-06-30,대구 강서구 86로 32
e4dbbb15-716b-4831-ace2-1cf51cff6cbf,장아윤,Female,24,2000-12-25,서울 남구 41길 37
45d95432-5147-4a30-bcc7-b79721d56c8e,이예지,Female,56,1968-04-10,서울 서구 80로 87
383dc2d5-31c9-41ba-8cd6-a16cd6f518cd,강은우,Male,58,1966-07-13,광주 남구 55로 26
8f462415-be4e-4517-9c04-9a76348e88dc,강준영,Male,37,1987-03-27,부산 서구 78로 35
09c8b65b-1ade-474b-a811-b5ac9638a681,장준영,Female,54,1970-08-06,광주 남구 9길 20
61ad256f-ea7e-4bef-8e38-2259b953be28,강서준,Male,24,2000-10-18,부산 서구 66길 3
a6b61344-8d46-4786-8a65-f44c6d0708c8,박지유,Female,20,2004-08-29,서울 중구 5길 76
a48bca99-b3e5-4887-96a1-a4cb55ca383e,최승현,Female,59,1965-09-20,서울 강서구 7로 25
58e9e366-cb2f-4a55-a41e-4c061a5084c6,조은지,Female,15,2009-09-07,광주 서구 74로 27
523cb489-fc39-4490-9f73-18dcbcbedd0c,박준영,Male,20,2004-04-07,서울 남구 50길 98
a079d951-7360-47fb-b8cc-bd9a91aa9943,김지예,Female,62,1962-10-04,광주 남구 59길 61
07fa24a2-044b-40d5-960a-ec4c9fee16e6,장지민,Male,36,1988-09-04,광주 강서구 55길 55
574dab6e-4d9c-4524-8d09-1835080c9bc2,김지예,Female,47,1977-07-30,대구 강서구 64길 65
717fa9fb-c557-4ed6-80cc-c7016df885aa,박하은,Female,49,1975-05-14,서울 중구 19길 91
d11fadb0-fb57-4fde-a426-fe15e1146208,조지호,Female,61,1963-02-20,광주 남구 27로 60
b0571d84-7fec-438e-84d8-a00b5e8457ad,김예진,Male,50,1974-03-22,부산 강서구 74로 29
7be1a65e-f1cc-4c49-b6fc-a2a244324eca,이지우,Male,49,1975-06-02,대구 강서구 1길 5
2c676ebe-9d16-4c1f-bc42-17228a839971,최하은,Female,42,1982-03-30,부산 남구 63길 20
60e7def6-f83a-4272-b8de-1c4785ed7026,최하은,Female,19,2005-05-07,광주 남구 47길 24
2ef8fce7-61b0-42db-898f-c7e3667f3fbb,김하은,Female,21,2003-01-26,광주 남구 49로 38
8bb9caef-ebcd-49dc-a922-67adb64cc36c,박예진,Male,36,1988-01-13,서울 남구 47길 76
ccd7a799-31f6-470e-ae7d-143d69422fb7,김하은,Female,50,1974-01-04,부산 남구 45길 10
80e6b59a-c663-4eda-bca4-b502db4aeb10,이예진,Female,23,2001-11-09,광주 중구 49로 17
2bf7dc26-0a1f-44d9-bc4e-986a4aa617e5,박준영,Male,21,2003-01-25,부산 중구 35길 77
2e7e2c6a-8a06-4b6d-9185-47a3d9b37f9e,장지유,Female,30,1994-03-02,광주 강서구 56길 28
a0acae6f-e0ab-4dc6-a6d5-54ba9136c863,박하은,Female,44,1980-09-20,대구 서구 36길 91
cba5a23a-a0c5-4c08-9658-7aef8c9f8f36,강예진,Male,23,2001-06-05,부산 남구 77로 54
b45b9cd1-7d35-4a2b-ae01-e456813215ba,조아윤,Female,52,1972-08-23,부산 중구 41로 20
5509f53f-7d62-47ef-80a8-82b9ec62d362,조예지,Male,33,1991-11-29,부산 서구 55길 13
6fe672fe-c451-41b3-bbee-36591cb22afc,박지유,Male,32,1992-08-16,대구 서구 15로 96
3356876a-7886-4b37-ae41-1d08ef753e37,장예진,Female,23,2001-12-20,서울 강서구 38길 38
330ca094-b397-4fdf-84ea-4332dd8d4c58,장서준,Female,17,2007-08-03,대구 강서구 80로 26
da9d51c6-6706-41a2-8f6a-8e7f0c0b13e4,조하은,Male,24,2000-04-20,광주 서구 40길 10
8fb8aa22-67c6-4345-9a8b-124e625ebdba,장서준,Female,26,1998-07-20,서울 남구 98로 16
61fef817-6d37-46af-a62b-6f53abf802d1,최은우,Female,50,1974-01-08,부산 강서구 56로 88
dc079ff0-db98-4343-aa2c-4c64aee9410c,최승현,Female,54,1970-10-23,서울 남구 35로 99
f0fbad4b-4c93-436b-8199-44f48f387f1f,김아윤,Male,42,1982-09-08,부산 강서구 47길 27
4347316e-bf3e-4a98-a315-cb36f8d26976,김서준,Male,31,1993-10-06,서울 중구 81로 13
b08b3878-eab6-418d-8976-45aaf5d8e707,장지호,Female,45,1979-08-09,광주 중구 57로 93
db89c911-f5bf-4e22-a219-c49199e6de42,박지호,Female,14,2010-04-24,서울 서구 10길 69
97eb5a9f-bbfa-4bfe-abb8-91a9a37ce1ee,장하은,Male,49,1975-03-17,서울 서구 54길 20
071d934c-eef4-406e-a505-5ce5d8b30935,이서준,Female,45,1979-10-27,광주 서구 28길 96
48a3e5fa-a889-4906-b959-dc87d1ff90e5,장은우,Male,31,1993-04-24,대구 남구 22로 62
0d0ed632-0c25-4243-8c5d-b656d5905091,장지민,Female,14,2010-10-17,광주 서구 44로 86
483cbde3-2c3e-4bf4-8688-f1bca0c6db9c,강지민,Female,45,1979-07-04,대구 남구 40로 70
cba5f366-6b0c-467a-a5dd-33a6872094a4,이예진,Male,44,1980-09-08,광주 중구 41길 43
584f1cb6-3b6b-48e2-9d54-26965f680416,장예지,Female,40,1984-04-01,광주 서구 73로 55
48f1ddea-3114-48d0-825d-4f53adbaa86b,김서준,Female,64,1960-12-22,대구 강서구 93길 37
41ff3527-976f-4f0d-b7e2-dc1456de33bb,박지우,Female,26,1998-01-03,부산 강서구 85로 67
6583b2d0-ad91-4b05-8747-85ceb582d7b3,박예진,Male,50,1974-07-31,대구 서구 81길 46
3e11d114-833b-41e4-afa9-64c3b38a69d4,조승현,Male,39,1985-09-28,서울 강서구 38길 2
b18e8420-2149-4a5e-be04-0f90452fa8a4,장예진,Male,19,2005-11-02,서울 남구 5길 65
a59dca99-7618-4385-bed0-f581624a149c,조은우,Female,34,1990-09-13,대구 서구 88로 6
7c49e7d0-4a44-434a-b70c-0cf0b24e9dc7,박시우,Female,38,1986-01-07,부산 강서구 29로 21
6c3d31ca-18ed-4082-b55b-2c41ff33d527,장시우,Male,22,2002-07-02,광주 강서구 97길 2
42c6584d-447f-48b5-b7e0-2f6bf9054c92,강은지,Female,64,1960-06-29,서울 서구 99길 98
283a73c1-7c56-4961-92db-743ef238a3ea,최예진,Female,54,1970-09-11,광주 남구 53로 93
4abe8a8a-fa44-4535-933e-91ce8d30a942,김준영,Male,64,1960-06-19,서울 강서구 84로 89
f3a0c1e9-ab4b-4596-8151-90d3bfd73455,이시우,Male,42,1982-12-16,대구 중구 21로 26
37634fdc-e570-46bb-b175-8fb6976943c6,박예진,Male,15,2009-03-09,서울 서구 62로 74
3253debc-ec92-4d66-9f1a-de4df09d30a1,강시우,Female,24,2000-03-03,광주 중구 36로 69
4b0f200f-542c-4902-9486-0e9f63bad3e8,강예지,Female,59,1965-12-19,대구 서구 52로 35
36fa423e-e8fb-4067-bbc5-ac08f47b9988,박지유,Male,63,1961-04-17,대구 강서구 95로 32
0ce1b108-552b-46e1-93b6-2018b35af0ae,김은지,Male,34,1990-08-30,대구 중구 93길 34
f41ffafd-7e8a-4101-8470-3b9ef654eadc,김지민,Female,48,1976-02-19,광주 강서구 85길 34
c1db2f1c-2ee8-40fb-8867-8de7a0a0a23d,최예진,Female,64,1960-12-17,광주 중구 48로 23
eee06728-2145-422e-b1df-383f39402c3c,강하은,Male,23,2001-01-04,부산 서구 35로 26
4bf19d14-05e5-4c2c-a9f9-6a7fd0838cc4,장준영,Female,47,1977-03-11,부산 중구 21길 33
3eddbd64-7d8f-41cb-9718-2dd03eb4dd40,김시우,Male,45,1979-07-08,서울 강서구 49로 88
42e3b8b2-5274-4ce2-86c5-9eaa8a02a798,강은지,Male,56,1968-04-09,대구 강서구 46길 8
6dc15dba-8d0b-41ad-9fe9-71f75af20f19,조예진,Male,15,2009-09-09,대구 남구 61로 32
1b758f98-b0cc-419a-b07c-02d0721b7a48,장하은,Male,63,1961-03-14,광주 강서구 55로 48
bd37e41e-47da-43f3-a9fb-38b83d5b3330,강지예,Male,19,2005-12-29,부산 강서구 48길 72
c99a733d-3a1a-4b0a-be48-bb04d78b1951,장예지,Male,26,1998-09-29,부산 강서구 3길 33
683952da-0f7d-4d84-844d-210ba26aad7c,박하은,Male,62,1962-02-08,대구 서구 86로 9
2ac3d87f-3d1e-47ad-b81a-027cc3ee1ff6,강지호,Male,44,1980-03-13,대구 중구 78길 49
f657e43c-2d67-475e-877d-8d81759c7d8a,이시우,Male,17,2007-09-05,부산 남구 63길 82
50c51464-8a4a-484d-94ca-4cda72b266b3,장지유,Female,24,2000-04-13,서울 중구 20길 68
63478b83-67fb-44ff-9b7c-917654d0ae89,강하은,Female,48,1976-06-10,광주 중구 86길 10
9850c4b0-c40b-45ae-94c2-8973c362029f,장준영,Female,21,2003-11-06,부산 서구 98길 41
9ff8f0e2-3a67-49dd-8861-921f0338cecc,장지예,Female,40,1984-08-04,대구 강서구 60로 91
18ed2751-4388-46df-91ed-2f12939e9f98,최은지,Female,56,1968-10-09,광주 강서구 16로 23
76de5385-1a26-4fd4-94a8-a434e04f8d18,박지우,Female,37,1987-06-29,부산 강서구 7길 72
5e7dfd00-a35a-468f-a872-3cbeadfac86e,장은우,Male,52,1972-01-13,광주 서구 65길 70
bbed6428-c13b-48a7-b44a-7f1b70e5048b,최은지,Male,25,1999-10-22,광주 강서구 43로 1
08718036-d9d1-4f77-b907-f12ec00414e7,최지예,Female,17,2007-09-16,광주 남구 34로 92
17b985d5-a9a6-4dea-bf76-162dd24c39ea,조은지,Female,60,1964-11-04,광주 서구 59길 86
2e110419-0eac-4a58-a5a3-ee30c4284e61,강예진,Female,16,2008-10-04,부산 중구 65로 42
3bfb7dcf-843c-4567-8a35-49022a40f7fd,이시우,Female,26,1998-09-04,대구 서구 74로 66
c8120797-3552-4418-9f54-bcde83dca387,박은우,Female,61,1963-09-20,서울 서구 68길 9
13b1cd45-bc8b-4f94-a52e-a9acd3bb28e6,이승현,Female,50,1974-06-14,대구 중구 71길 99
8bc372aa-10df-4760-ba42-4d92f8cd5725,박지민,Male,27,1997-05-30,광주 중구 57로 51
45f65e53-5de1-4ae8-8845-22884111b7d6,김지민,Female,36,1988-07-14,대구 서구 55로 21
c3ba2c45-fe51-411f-b13d-f421d8231402,조하은,Female,28,1996-10-03,광주 강서구 25로 29
9e716ee8-ced2-4287-8ef8-d3474c2d8516,강시우,Female,37,1987-10-20,대구 강서구 23로 74
3ffeb989-ee69-426f-b7c2-d01f6cc1120d,이은우,Female,56,1968-11-13,대구 남구 90길 61
a240fd87-7f84-4c06-bb98-1bb1967a07a3,이은우,Female,34,1990-03-09,대구 남구 57로 52
1a8879ab-faca-49c1-9b01-b109345c2e51,조하은,Male,16,2008-10-26,서울 서구 62로 13
733b3df2-6932-4c73-8c5a-94cea2ad887a,김은우,Female,15,2009-04-21,광주 남구 98길 96
f0d56d81-dff4-48d2-a93e-eb4cf851f90e,박지호,Female,63,1961-07-04,서울 강서구 65로 9
2618de46-0be4-4995-8c5b-67b801145987,강지유,Female,30,1994-11-17,광주 남구 94길 74
f9e5aec1-c107-4674-89cc-30dd54b6f715,강예지,Female,25,1999-10-10,대구 중구 1로 56
020a5a65-6195-4840-83e0-2f7ee93a3beb,최은지,Male,59,1965-06-24,대구 서구 37로 81
b2fc6f3f-36dc-4f4e-a41d-1a96ab967a87,김지예,Male,37,1987-03-04,서울 중구 73로 84
096a377c-c981-4918-abf7-5bdeb29731bc,조지호,Female,48,1976-09-24,서울 남구 76길 95
2fcbc688-fd47-459c-ade9-c2ccec0be581,박하은,Male,46,1978-11-10,광주 남구 17길 58
a4b4b8fe-c797-474d-827b-caab4b87151d,김지예,Male,22,2002-07-27,대구 남구 9로 57
c6d814c9-3bce-4680-8da2-30356165da91,강은우,Female,56,1968-04-07,광주 서구 16길 33
887cb252-9640-4a5b-841d-0d830ae896c8,김하은,Female,28,1996-08-18,부산 서구 40로 54
97838674-f066-4569-82af-01d0294c1678,김시우,Female,19,2005-11-03,대구 강서구 36로 53
a139f919-b847-4396-a914-1ee8bc319115,장지호,Male,36,1988-02-05,대구 강서구 94로 52
aeb88d11-26a0-4129-a8e6-66eb00ed60c1,강준영,Male,32,1992-11-31,부산 강서구 19길 99
e5d0866a-ec08-4ddc-ab47-a5caf785bda0,강지우,Female,26,1998-01-15,부산 서구 28길 6
b12f320e-d61e-4fdd-971a-bc531337903e,강예진,Female,19,2005-09-04,부산 남구 23로 47
54f9306c-c46c-4837-a808-e9f60fe34786,조하은,Female,57,1967-10-29,광주 중구 70로 29
87328659-5715-4a63-99bd-f7a8da57377e,이준영,Female,63,1961-02-10,부산 서구 77길 25
2381dbe5-c0bc-40d0-a578-ad4283de6964,박승현,Female,36,1988-02-17,부산 중구 60길 14
9641a3c2-862a-4eab-982f-6e8742a7a583,최예진,Female,24,2000-11-11,대구 중구 51로 28
0a188ab1-d45b-4969-b27d-6965c3cf4d79,최예지,Female,59,1965-10-19,서울 중구 40길 22
9c88caaa-151e-46a9-a57c-4acf2b974d3f,조준영,Female,33,1991-12-13,대구 중구 9로 31
593d9d0f-4cf8-4ded-8c3b-13b8c5860a2d,최준영,Male,33,1991-08-11,서울 중구 44로 64
c9ebc522-76bb-49fe-bccf-7bcb5c6c0931,김지예,Female,55,1969-03-10,부산 중구 58길 1
3c4f19d3-5696-4e14-83af-3411461088c1,장지우,Female,42,1982-11-03,부산 남구 70길 47
61136f34-dbab-44e9-8c80-2b3816fe398d,김은지,Female,17,2007-07-07,대구 서구 14길 42
ef5ea94a-2109-4975-af29-04d96d83e430,장예지,Male,26,1998-04-16,서울 중구 6길 18
7c3d425f-daa6-439c-86fd-fedb5895e360,최서준,Male,21,2003-08-05,대구 서구 38길 46
0e987941-de0c-4ac3-9229-7b8ea605369a,김지예,Male,32,1992-03-26,광주 서구 69길 91
cf509c50-fa31-4f73-93e5-ec706800207c,조준영,Male,33,1991-07-28,부산 서구 86로 97
d8bc28f3-9d0e-4ecf-9a00-058707aaa216,장하은,Female,44,1980-11-13,광주 중구 24길 6
e9508965-1617-4849-bb55-035c03edc0a6,조지우,Male,24,2000-08-06,대구 중구 82로 51
b9be3877-71e1-494e-919f-2995d13b21c9,장은지,Male,48,1976-12-09,대구 서구 69길 20
f46003f1-9582-4d19-b8a9-fad43c454cf3,강지민,Male,52,1972-12-11,대구 중구 23길 23
7d20573b-4b27-4492-ba9e-229a9f7ea40f,강예진,Male,31,1993-12-22,부산 중구 39로 45
a65ce46a-8884-4805-b562-5e75e10ae536,이지우,Male,15,2009-11-13,대구 강서구 37로 52
52eb1b91-d1a6-43e3-8186-fe59c34895cf,박예지,Female,26,1998-04-13,광주 강서구 42로 38
1de09805-8653-42a5-8ebb-547fdb71691e,조은지,Female,16,2008-11-23,대구 강서구 5길 51
bdefed07-c127-44d9-8517-3d30d598e394,이지우,Female,22,2002-11-03,부산 서구 69로 8
1c0642d3-ffcb-4b7e-bc64-a6b9b1877006,김지호,Male,51,1973-06-01,대구 강서구 48길 98
7cb46098-b357-4aaf-a6aa-2126558f93dc,최예지,Male,43,1981-09-31,부산 중구 46길 99
b2d62642-4034-4b3a-a9e7-c6a955e342e3,이은우,Male,31,1993-05-10,부산 서구 88로 45
860f946e-b431-449e-999b-9a4a03609be6,이하은,Male,43,1981-10-32,서울 중구 63길 32
9154d9f2-618e-4d66-aec6-9e45f100e90f,최아윤,Male,56,1968-09-06,서울 강서구 38길 98
6cbde7a1-84b2-4126-ae34-137f41c1e864,이지유,Female,52,1972-05-14,광주 남구 28길 54
442c766c-a6b3-4ecb-b27c-1d520916740a,김지민,Female,26,1998-02-16,부산 강서구 66로 63
76695c9f-6736-4f94-a730-323ade6371bf,강하은,Male,15,2009-10-21,대구 남구 71길 70
88bf98ff-272e-4cb3-94cb-f278e142d275,조지우,Male,34,1990-04-17,광주 서구 72로 37
7dce0c05-5b89-4e3f-925c-074db6192524,장지우,Female,26,1998-01-23,광주 서구 69로 22
e830a1da-35a9-4f44-8f0b-cf975fef7d5f,조지우,Male,23,2001-01-23,대구 중구 9길 93
70bc3498-c4d5-4d5f-9d30-cbc593dd352c,조지유,Female,47,1977-08-27,서울 남구 2길 80
d2dca8ab-928d-4254-9749-4cc764a949f4,이은지,Female,20,2004-02-10,대구 강서구 45길 50
9889c68d-b6f8-42ba-beab-7bc07e894eb9,조예진,Female,51,1973-04-08,대구 남구 44로 67
237d5d16-d384-4e98-b9a7-6e2d616b92a4,장예진,Male,28,1996-03-14,대구 강서구 37로 93
64312afb-b18f-4831-ab4a-589dcc079e4f,이은우,Male,22,2002-02-04,서울 서구 77길 59
f35fea64-6f85-4884-83dd-8cffcdf22b83,강지예,Female,46,1978-09-24,광주 강서구 12길 52
9d7c536a-3cb0-4d1a-b890-ca91e5e1c35c,박지우,Male,56,1968-06-11,부산 중구 94로 58
5cb2fc09-1b4b-4cb2-87f0-b456aa71e821,조아윤,Female,38,1986-12-22,부산 중구 50길 80
c11a9418-41e8-44dc-bc98-7a073e3238e9,박은우,Female,22,2002-01-13,대구 서구 59로 16
7ba6d024-8405-417c-8876-12768e29fc1e,강지예,Female,59,1965-11-12,대구 강서구 77로 17
14b55e1d-94b9-48b6-bdef-322867c6a8c5,김지호,Female,47,1977-07-08,부산 서구 73길 77
f48340d9-b991-4ad7-8f5a-7346af5f5e20,강시우,Male,31,1993-05-02,광주 서구 96길 74
d187916b-4bff-4536-b845-ceb27ec6676f,이은우,Male,58,1966-03-17,광주 서구 59로 93
7d7b81fa-74cb-4cbc-8710-bb166f77c1fd,강은우,Female,38,1986-10-07,대구 남구 25로 3
d39076d5-890e-4357-a480-d301cea13988,박하은,Male,29,1995-08-14,서울 서구 22로 67
cd38cefa-eae4-4295-8c92-d2cc44292645,장하은,Male,44,1980-04-28,서울 중구 47길 35
3c001dd4-8441-4444-b4fa-a7cd00995029,조하은,Male,19,2005-11-16,부산 남구 67길 41
f19ffd06-c7dd-41a0-9864-93aeae60960e,최승현,Male,42,1982-01-28,대구 남구 39길 36
f7668e38-1f26-453d-a21e-ed41ed261d5e,이하은,Male,23,2001-12-25,대구 중구 74로 92
1eefa035-6d13-4dce-a75c-5be1ff38e2aa,김서준,Female,36,1988-10-30,서울 남구 53길 33
b9ec5aa4-c182-4bd6-8c93-ee968d926299,김지예,Female,22,2002-04-08,대구 중구 65길 16
83253d20-bfde-47d9-9937-a6fa7df725c2,이하은,Female,58,1966-06-07,부산 서구 58길 96
799f68aa-2b68-43b7-913d-100727a21fcb,강하은,Male,39,1985-06-06,대구 중구 74로 76
bc6784c8-83f5-4d49-bde4-6a81e3826790,김지유,Female,16,2008-11-12,부산 서구 79길 40
68e0d164-47bb-4548-ba56-cd284bf7f3a3,김은지,Female,29,1995-02-01,광주 남구 99로 40
b248408b-ff9c-4582-a8b2-cfc8aae2f245,장지예,Male,35,1989-08-15,서울 중구 96로 59
d409266c-d353-439e-9ce1-c51c260836e8,김예진,Male,58,1966-02-21,대구 중구 42길 35
db9eb52a-4f24-4bd0-9ee5-1fd5fce2082b,장은우,Female,16,2008-11-30,서울 서구 70길 35
076acb8b-3497-4df3-a11e-1db6c2d95956,조아윤,Female,27,1997-11-03,서울 서구 85길 27
5904f930-6cda-4060-ba60-72efd2f04348,김은지,Female,38,1986-02-26,광주 중구 69길 92
3ec74f93-cb96-47dd-a908-3a134cc24d3c,강하은,Female,17,2007-05-10,서울 서구 27로 10
6ec5a9f4-2d4b-457c-afb8-a4e87c693c6b,박은우,Male,20,2004-05-06,광주 서구 90로 50
8fb286db-f1fd-4152-93cb-7faecc346cc7,이하은,Male,38,1986-06-19,광주 남구 23로 57
ff5f32a4-7d5a-4737-90d9-da5618e39d69,조서준,Male,34,1990-03-25,서울 남구 17길 39
599adade-8a6f-4b3a-bb6a-ef9f59e9db81,이서준,Female,30,1994-07-32,부산 강서구 61길 44
4134d32e-94c9-44e7-a418-bc1806b03ac0,최서준,Male,58,1966-11-04,광주 강서구 14로 69
63b45ac8-e8dd-41a5-ba85-a3383ebd513c,조준영,Male,41,1983-01-32,광주 남구 76로 2
09dfb667-cbd8-4c33-9d9d-353de706bdb4,김지민,Male,25,1999-03-20,광주 서구 49길 83
9ab13234-9a97-4593-b285-122a8f0a6b5f,박은지,Female,24,2000-09-24,서울 서구 54길 60
c1ef9fa5-52c9-4568-8792-8ed26fe294d3,이지우,Male,59,1965-02-10,대구 강서구 20길 80
1b337840-e01a-4141-b51f-2067efb16e72,최예진,Male,63,1961-11-09,부산 중구 61로 55
8571bdcb-eebe-44fb-ba1a-b12e69301e62,이지예,Female,50,1974-12-29,대구 중구 37길 53
f63e9c71-174d-41ba-a052-b01afaa67ee7,박승현,Female,43,1981-03-05,서울 강서구 73길 14
d271ef54-e033-4a1e-a7d2-de19de270745,이준영,Male,22,2002-09-22,서울 서구 65로 99
25957a80-14c0-49e7-97ab-72fba5fd8488,최하은,Male,34,1990-04-16,서울 서구 14로 59
aa5cd568-3c1f-44e2-b85a-ca052621e8a5,이서준,Male,40,1984-03-08,부산 남구 61길 53
08fee5c7-a642-4db5-8d1c-2ad8e5950f3f,장지유,Female,18,2006-01-20,서울 중구 51로 12
39cc2e48-8da3-47fc-bec1-70a80d1bf89a,박지민,Female,19,2005-08-07,서울 강서구 74길 76
d5750fab-710e-490a-b80f-9972c97e8190,강하은,Female,14,2010-01-12,대구 중구 72로 60
dc26e831-fefc-401f-b78b-cf8af6ed41a0,박은우,Female,42,1982-01-04,대구 서구 78로 74
74421aec-6106-490d-8fb4-8f3c835db34d,강은지,Male,25,1999-12-08,부산 중구 27로 39
6e5d4f03-384d-4136-8e4f-ddfd49117672,강시우,Male,32,1992-11-27,대구 강서구 70길 69
cb1eb02c-320f-4568-ad23-d6b217bc0162,강예진,Male,53,1971-11-05,대구 남구 50로 75
8a8bbb25-c739-4a6f-807c-c1926afbd36d,강지우,Male,32,1992-09-24,부산 중구 60로 83
e82dfc82-12de-4e2d-8ad2-f964e7725fb1,김하은,Female,44,1980-06-05,광주 남구 51로 75
3d9e11e3-2f00-4e71-899a-ffd25676d98c,최지예,Male,56,1968-01-14,대구 중구 67길 25
d7f9e2cd-dd3d-4559-91c4-20045dd21152,최지호,Female,21,2003-02-13,서울 강서구 89길 12
72eb7852-78e2-4797-8bf4-03de5c32de0b,김서준,Female,55,1969-11-13,서울 중구 38로 11
56c5a8b8-5d82-41c0-9d7a-40353ed9417a,박예지,Male,51,1973-07-11,대구 중구 28로 60
70273e07-0691-46cc-9c05-02c4fcd44a0b,장아윤,Female,14,2010-02-29,대구 남구 82길 73
b1e9645d-2798-42d1-916e-229d8c33ffec,강지유,Female,49,1975-03-32,광주 남구 62길 78
120329bc-8f41-446c-9504-f8056eb05777,강지우,Female,38,1986-08-16,서울 남구 41길 89
9fba6730-6bd5-43e4-ac5c-aa6d7c8dee1e,강시우,Male,29,1995-07-16,부산 중구 51로 18
190e21fa-619d-47f5-9a4c-78b2f6462e7a,장하은,Male,55,1969-03-31,부산 중구 75길 36
85ac5c0e-3308-481c-9832-40e11adf1a85,장하은,Male,31,1993-09-23,서울 강서구 33로 19
6ad4a3a5-5424-4981-9fe4-55357364976a,박지우,Male,55,1969-08-22,서울 남구 11로 88
99c46d3d-1bca-41b3-ab4b-dd859819c394,강지민,Female,31,1993-01-20,서울 중구 82로 4
63292297-1227-41ed-b509-b0003a4c828b,조서준,Female,42,1982-04-04,서울 강서구 94길 88
7cecf06b-70ad-47ba-bfef-4ff7a2bbb211,장준영,Female,56,1968-09-09,광주 서구 41로 88
a2ee3f3a-9e3a-47ef-8830-57f10abd3e6d,최은우,Male,46,1978-01-29,부산 강서구 38로 17
fbbf3227-9701-4948-b22e-196bc88a57fa,조지예,Male,44,1980-11-13,광주 서구 21길 93
814f3390-db14-4f90-af21-3348e60a6e45,박예진,Female,43,1981-07-24,대구 중구 72길 4
f9736add-c1db-49a9-bfeb-0b870a41dc9a,조아윤,Male,39,1985-12-08,부산 남구 96로 74
53c22b91-f996-496e-b5e4-ba009add83e1,최지우,Male,34,1990-09-14,부산 중구 21길 92
1f28c8b1-32d6-4790-a7af-ceea053013a8,최지민,Female,36,1988-03-15,대구 강서구 77로 86
00c5966b-6f3c-4407-ac02-63f22b8e165d,김하은,Female,58,1966-11-22,광주 남구 21길 11
0de6d55b-9c22-4353-8044-cfca736e3f0d,강지호,Male,57,1967-06-30,광주 강서구 81길 18
b3f93c28-fdcb-4566-bdcf-190a57a9a6c2,최준영,Female,19,2005-06-21,서울 서구 35로 57
2a9f026a-0dec-4c89-980d-908c970c9828,최시우,Female,30,1994-09-14,서울 서구 51길 33
b3b811d3-4275-4f29-aca1-b4193b10530d,김지호,Male,64,1960-03-10,서울 남구 98로 35
150aa5d0-7134-4efb-9171-9faa4f63e038,최지예,Female,62,1962-08-16,대구 서구 95로 7
a4dbb753-a292-409c-808e-75a561728719,박은지,Female,18,2006-09-11,광주 서구 19로 89
ed891be1-44f3-4755-94b1-3f697d9ec0b7,조지우,Female,45,1979-12-30,서울 강서구 27로 55
4092af90-b38d-4e99-9b96-c204a972561e,이하은,Female,51,1973-05-06,광주 강서구 12길 80
5b7f1093-18ae-41af-82f3-52a8ef7d1b7a,이지예,Male,14,2010-01-27,대구 강서구 71로 73
d95306d9-6afd-42dd-a2dc-6c6ffafdd432,조하은,Female,18,2006-03-32,부산 중구 40로 63
6c84df0d-fe89-4988-afbe-3e82beda4526,김하은,Female,61,1963-12-19,부산 중구 29로 88
c83503e7-f565-4d8f-9988-a99aa6e06511,이하은,Male,62,1962-07-15,서울 서구 69길 97
64b3c604-98e6-474c-b447-774655072f9b,박지우,Male,27,1997-11-12,광주 강서구 46길 88
6dc987dc-70d0-412d-ab93-1f54eda8f4b3,조하은,Female,36,1988-04-24,대구 남구 9로 3
a771870e-78fb-4137-8262-298099fc9d3e,이지유,Female,37,1987-05-16,광주 강서구 11길 75
ff897126-8475-4edf-8889-169cb0802944,강은지,Male,44,1980-03-30,대구 강서구 71길 3
dd6104d1-5362-41ba-80d0-b603bfa4f04e,강준영,Female,51,1973-11-03,광주 강서구 46로 81
c67bf705-380a-496d-ae16-aaef49f4bddf,강승현,Male,57,1967-02-08,서울 중구 57길 99
19e8afad-8f77-43ad-8f8d-4c5e51d9b011,최은지,Female,63,1961-04-24,부산 남구 40로 63
4f234fae-6058-4c2b-837f-50a22e8a81bb,박승현,Male,17,2007-07-26,서울 강서구 64길 49
2def49cc-346d-4ea9-83fc-ba3464da43ef,박예진,Female,28,1996-08-32,광주 강서구 73로 53
c6131e4b-53fd-4b7b-aa7c-06da979ee5d1,강지우,Female,39,1985-09-12,부산 서구 60로 85
e4a88f75-eca6-4090-b369-efaa7864b4ae,최서준,Male,64,1960-07-09,광주 중구 86로 29
d0da6ddc-c6dc-4081-b127-2dcdfb75c2b8,장시우,Male,51,1973-08-23,서울 강서구 66로 67
5676a2d7-32fa-4545-bb64-cf255fb750ff,장예진,Male,21,2003-12-24,부산 중구 34로 55
a1b5f4d8-84b5-40f0-9dde-46cd9755efd4,장지우,Male,15,2009-07-17,광주 강서구 61길 73
331371d7-9cef-412e-b39f-78c50876dc6b,최준영,Male,34,1990-04-28,대구 강서구 20길 90
5236c89b-af19-4cc4-a5c2-a703cd6f3a7c,최예지,Male,42,1982-09-20,대구 남구 43로 90
c709c43c-2b79-4e16-ae61-e693b2e27026,장은지,Male,60,1964-11-13,광주 서구 43길 93
452e8990-49b8-4380-9ca8-2d86757787be,조은지,Male,46,1978-04-14,대구 서구 29로 34
04cdc478-9b99-4481-a37e-9e1feefa733e,최시우,Female,43,1981-09-17,대구 강서구 38로 55
2d125ee3-2bd6-4d8f-a4b5-a874a85336e6,조지예,Female,32,1992-07-30,서울 강서구 81길 52
4780251a-b4b3-427d-96cd-bcf01f20ce9e,강아윤,Male,48,1976-02-22,서울 중구 1길 79
f98aa246-2ee6-4516-8f8a-8f581d563338,조은우,Female,25,1999-07-15,대구 서구 91로 41
cd0f7166-c7ba-4ba6-afc0-2d72077368f3,이지민,Male,63,1961-11-12,대구 중구 24길 84
82d66949-bf78-4c7a-bb5b-5ac2bac81165,강지우,Female,37,1987-09-11,대구 중구 91길 7
ce2b4d78-206d-4be3-8bf2-806b4d86b0d8,장하은,Male,26,1998-12-20,부산 중구 64로 46
04371076-47d3-430a-89cc-6c070f1adcbd,강예진,Male,52,1972-06-05,대구 중구 44길 34
f66f86c9-c0a8-4dde-9dc9-77d2c0fbb41a,박하은,Male,48,1976-11-29,대구 남구 89로 25
b2377145-f7c2-4431-9e38-999fdd14e1cf,강시우,Female,59,1965-05-29,대구 강서구 43로 44
20c64d82-d7c8-4913-bf64-9cf4c025fbf5,김지민,Male,27,1997-03-21,부산 남구 2길 72
f6ac2239-2d63-468e-82a5-afaf0f1c87be,조승현,Female,64,1960-09-09,대구 서구 76로 49
1c844381-9c72-4578-ae04-fba64cbb17b4,최은우,Male,44,1980-03-30,부산 남구 34길 70
1e813d11-a5d3-4de4-bf67-235cbe996858,최예진,Female,63,1961-02-06,서울 중구 62로 6
8466c05a-1b84-4066-9c5e-561a200b94c8,조하은,Male,41,1983-07-13,부산 강서구 38로 51
01504a81-ad3a-478d-b136-489a1a19cdbe,최시우,Male,34,1990-02-21,대구 서구 94로 32
0e961f29-f149-460f-9ec8-e0d1144213d6,장서준,Female,23,2001-10-06,서울 서구 17길 53
b7ff6ee7-f45c-45b9-a7e8-290bcd27f73d,조지우,Male,30,1994-12-31,부산 서구 26로 17
e31ba629-3f05-4677-89d5-4be4331d9717,장은우,Female,42,1982-09-14,서울 강서구 6길 76
a5603539-641a-45ae-8f19-8d9e487b2718,이준영,Female,17,2007-05-24,대구 서구 32로 52
8d15092e-7a52-423f-9207-850318b26889,장지민,Female,37,1987-11-02,대구 중구 91로 57
4b43379d-f4de-4bb2-a057-7b132e1b56e5,강예진,Female,37,1987-08-04,대구 강서구 60길 32
e3d4aeb6-b173-4785-89c3-362eb53d76bf,이승현,Female,25,1999-06-11,부산 남구 41길 84
9ff1c43b-a8c1-490f-bfd8-6df8f67239ac,장지호,Male,18,2006-01-28,광주 서구 25길 25
bb719d3f-091a-4849-88de-98e6b5d24e0f,김서준,Female,42,1982-12-27,광주 서구 14길 8
6073e86d-06f0-4972-85a4-84b05a27e8ef,박은우,Female,14,2010-09-28,대구 강서구 51길 61
b091dd66-51c6-4089-abe7-c087e44da8f5,장하은,Male,19,2005-12-15,부산 중구 49길 85
a24b8cd3-2c5c-4af5-9cf6-fd36000e6546,장은우,Female,56,1968-10-29,대구 남구 32길 88
0d4933f9-2252-447b-8b3d-197a911fdc17,조예지,Female,27,1997-03-30,광주 중구 82로 41
c3f7fc57-1766-4801-a415-1564c96b3d84,박지우,Female,19,2005-08-15,광주 남구 18로 15
6b3d3c16-d378-4571-8ae9-a13772b7e045,강지호,Female,53,1971-08-08,부산 강서구 10로 23
625a4bfa-62e9-46b0-a2e9-72b4940c0720,김예진,Male,50,1974-09-11,광주 강서구 38길 93
579b0fb3-90f9-4510-84f5-80509fc0b561,김지유,Male,27,1997-02-28,광주 남구 28로 56
4efd6c84-fb11-43c2-a361-4d7c864d20e2,강시우,Male,39,1985-01-12,광주 강서구 57길 28
34632ee7-c332-438b-a581-78594d926e87,박하은,Male,29,1995-03-08,부산 서구 23로 97
58b9141c-5023-4a43-a702-75de518e1144,조지예,Female,47,1977-01-21,부산 강서구 81길 39
01021ffc-1961-47b7-a491-2f6772f38947,강시우,Male,54,1970-02-25,서울 서구 71길 18
11d639d0-8776-4b44-9527-f257285462b0,이예진,Male,16,2008-06-29,부산 중구 66로 26
5689e076-dbf8-4362-af7e-408e3ff03b29,이지유,Female,31,1993-02-11,광주 중구 85로 94
f66c8d51-f4ed-4c28-a08a-c5ceb84e4c21,이지민,Male,34,1990-06-31,부산 서구 19로 57
02c3ecff-332e-44c8-9b50-6644e358c554,장예진,Male,54,1970-06-16,부산 서구 81길 14
54b200b5-ca4a-46b4-988d-4dd7a6e2e7f2,이은지,Female,53,1971-01-13,대구 중구 47로 55
299d0ec9-80cd-412b-bb07-2724767e3f4d,최아윤,Female,49,1975-05-26,부산 서구 78로 65
253d6345-b673-4822-823b-0e809cc2b960,김은지,Male,29,1995-04-20,광주 남구 78로 73
16aa1603-13eb-40be-b412-3fd9c0cba95e,조지민,Male,42,1982-03-26,서울 강서구 47길 98
242ad90e-e11a-40b2-8fa8-a50195c6d7f1,최아윤,Male,41,1983-10-29,광주 중구 65길 1
cef3cda8-de1e-4a8c-9d52-5da9c5416d04,최준영,Female,58,1966-10-17,서울 서구 36로 23
3223d1e0-2304-4e15-9e0a-d6ef2966dd1a,강지호,Female,63,1961-02-14,부산 서구 3길 25
5707b5fb-e2c5-4544-82c3-aed81540ce77,박준영,Female,44,1980-09-08,광주 서구 9로 57
667a76c2-b202-4396-bfc5-fc51d22e3268,조시우,Female,59,1965-06-22,광주 강서구 10로 40
f1c38881-43ed-47cf-9af7-eac6ee9483ca,이승현,Female,56,1968-08-03,서울 중구 16길 46
812dbb25-6a6f-4320-be8a-45f19e416863,강지예,Female,40,1984-07-05,부산 남구 23로 47
71bf20ab-ef5a-4c9d-b2d0-8d5ddfc2ec05,이아윤,Male,16,2008-06-16,부산 남구 58로 19
c059ab54-da8c-499e-b665-2b9d6b28eb01,최예진,Male,59,1965-01-25,부산 남구 44로 63
7ead8305-7c1d-498f-ae4a-02ce01a65644,조지예,Female,15,2009-12-07,대구 강서구 20길 60
e48d1861-7b6b-4adf-af53-2a9e5577ef7f,최예지,Male,50,1974-12-09,대구 중구 3로 89
60ff6a3b-fd4d-4d05-bf87-53e48d5e62b1,최서준,Male,23,2001-11-04,광주 남구 24로 78
ec3a34fb-546f-4d83-8eaf-5de924ba4f81,김하은,Female,64,1960-06-26,서울 강서구 55로 24
17849962-a041-4f91-9b2e-38c3d5c1caf3,조하은,Male,49,1975-04-06,부산 강서구 49길 60
e323a485-9cda-453d-838a-f90c0755b3b5,장준영,Male,46,1978-01-01,대구 남구 84길 87
c1029174-d297-4cd1-a18d-c9d50db98b60,박서준,Male,42,1982-05-27,부산 남구 81로 57
cb71a1d3-80a1-49b9-a2b2-4e1e732790a3,장은우,Male,43,1981-03-01,대구 강서구 26길 30
71f1663c-4202-4659-a8c5-287ce5f3dcaf,최준영,Female,26,1998-11-22,부산 강서구 1길 49
12171251-7b9d-4c1a-9ec5-60c9a2f6c64f,박예진,Male,61,1963-10-11,부산 강서구 88로 84
273694e2-c3d9-4f9f-8e0f-d7375cf601cf,조지유,Female,21,2003-02-18,부산 남구 81로 13
c1f3850a-fa9b-4174-bd47-421375e8acb7,박예진,Female,34,1990-09-10,광주 서구 96로 74
df68c07e-86cf-4b68-84cd-6c45c69f624d,조지예,Female,24,2000-11-17,부산 서구 81길 31
e226d650-e431-4ecb-be6d-530a3c503662,강하은,Male,14,2010-05-19,부산 서구 10로 83
edaa506c-f128-4474-a8ed-f4876203850c,장지예,Female,41,1983-07-25,대구 남구 94길 59
31e95962-84e5-462f-8cc8-7572b95dfb1a,박서준,Male,49,1975-07-22,부산 강서구 91로 97
a6809be3-20a8-4f79-b2de-9d820f6f3b52,장지예,Female,28,1996-05-08,서울 강서구 27길 76
5c83116e-77e1-45ec-b0d4-62c21cb726a1,장지예,Female,48,1976-06-20,대구 강서구 75로 29
2b364dd3-dfc6-4724-93a4-84e1d717537b,김하은,Male,28,1996-07-15,광주 남구 52길 62
5a706e31-804e-4b04-b983-14a7ccb087d5,최지우,Female,21,2003-09-16,부산 서구 89길 6
effedd14-fd2e-4e83-96f3-06d3c990c161,최예지,Female,35,1989-01-01,광주 서구 72로 19
6dad2fd6-8055-4402-b06c-b6f5763d9896,이예지,Male,64,1960-02-03,대구 남구 71로 49
082382d6-6f37-47a6-91f7-d5be7daefeef,이예진,Male,19,2005-11-28,광주 중구 97로 11
fc6e9101-2df1-426a-acc7-d7bbd1d6b0d6,이하은,Male,23,2001-08-24,대구 서구 32길 53
d393f407-4245-4f51-a8b4-67b9183efc48,김예진,Female,59,1965-07-19,광주 강서구 38길 23
511a0717-655c-4dc9-b49a-bbf44b4a1eb1,장하은,Male,39,1985-07-16,부산 서구 40로 38
2a8f7cfb-9ff3-438d-86d2-06abf5bdc31f,박지우,Female,45,1979-08-06,대구 중구 43로 5
18731c08-231e-4fd6-8241-f0c25384a45c,장하은,Male,28,1996-05-10,광주 남구 19길 70
f72047a5-ec5b-4087-b668-a1498b23655b,이시우,Female,52,1972-11-05,서울 중구 76길 72
ae1f3197-8ca0-4a72-939a-36f046e0210b,김지호,Female,58,1966-01-27,부산 서구 14길 51
e0d141b8-4412-4d2f-9a96-aa9e746974e5,이지예,Female,31,1993-08-19,서울 남구 29길 9
ce05455b-221f-4131-9745-f6104a5f8ea9,이지우,Female,35,1989-09-12,부산 강서구 17로 35
de178df6-263f-49a3-8965-4968c7474b92,강서준,Female,53,1971-04-05,부산 서구 62로 28
46934966-4e08-413e-b75e-3114b739b990,장지호,Male,59,1965-06-14,서울 중구 39로 25
52d5d42b-6a26-4fe9-8335-6db6a952913d,이은지,Male,22,2002-02-17,부산 강서구 59로 24
ceedf967-794b-4853-886e-2e139e887177,최예진,Female,39,1985-01-15,서울 남구 93길 50
63e94021-a21f-479d-aaff-1d2ce5c63f93,최지우,Male,58,1966-05-23,광주 서구 52길 50
021da74a-ac87-463b-a4cb-7a91a4445cd2,최지호,Male,57,1967-03-18,광주 서구 16로 60
088080d5-5969-42d5-bb24-ebfd76f1ca1b,박하은,Female,39,1985-08-04,광주 중구 82로 29
c4b3f909-b129-471c-8338-42153e9c4993,박준영,Female,18,2006-03-10,광주 강서구 30길 49
60ba211f-0041-493d-8dd7-407dc336d892,박아윤,Male,27,1997-05-30,부산 서구 93로 26
18a7cae1-a489-47af-9e88-5999d001834e,장하은,Male,38,1986-02-29,서울 서구 52로 90
91e136bd-b44b-4a84-837b-e3836991f351,조지민,Male,35,1989-05-28,부산 남구 41로 54
3c701ffe-419e-4228-ba1e-46e707ffbd46,장지우,Male,42,1982-03-20,광주 서구 36길 81
ebb9c27e-3e9d-406a-8208-8053f770a514,이지민,Female,29,1995-03-31,광주 중구 35로 33
7d77920c-307f-42c7-943a-ec605b80d24f,최준영,Male,32,1992-11-18,대구 강서구 87길 23
44d11022-26e0-4da3-abdf-2bb1b248df63,장서준,Female,49,1975-05-21,광주 남구 78길 80
2647c6a1-de0f-4468-a90e-c6ea08722300,최지호,Female,53,1971-10-18,대구 강서구 21길 35
d619793f-7411-4911-88f3-325c0f216a5e,최지호,Male,61,1963-07-15,광주 중구 41로 59
d6937f72-fc14-4eb0-8837-3d909b667fd1,김지우,Male,24,2000-08-30,광주 중구 74길 19
51911d56-c4c2-4562-a9e4-16cb7c24bbec,박예지,Male,27,1997-12-22,서울 중구 41로 68
67b2c5f8-3eac-45ef-99f1-d8e168ff0a04,이서준,Female,36,1988-04-25,부산 강서구 64길 84
ea68b1bb-244a-40f7-8847-baa7d7dcbdb0,박지민,Female,58,1966-02-24,대구 서구 35길 56
ee02c826-7bc3-4de6-b098-d46062b034fc,조은우,Male,37,1987-03-31,서울 중구 64로 69
abec8d46-6314-48fd-aa62-2e5e195bff5b,조지유,Male,33,1991-03-07,부산 중구 59로 78
64d23768-d058-49f1-9cc3-d464ad3abc02,김하은,Female,48,1976-04-24,부산 남구 45길 61
e9ee4caa-3dbe-4f78-9126-9f75084483f4,조시우,Male,51,1973-12-27,부산 강서구 14로 4
ba075102-b872-42e6-8109-2517db18fb18,이하은,Male,19,2005-05-27,광주 강서구 83길 51
3910e6aa-d922-4fd3-9636-bd216e7bfc17,장은우,Male,44,1980-12-07,대구 강서구 83길 39
8bdbf62f-82d2-4017-b8db-e42ad2325ef3,이지민,Female,46,1978-09-11,부산 강서구 71로 99
79f2836f-4f86-4383-827a-8e0942b4f543,조하은,Female,25,1999-05-13,대구 서구 67로 98
17775d78-a6c3-44a0-887f-15a8fe4a9af2,강예지,Female,49,1975-05-25,서울 강서구 27로 4
d69d6a43-e9d5-4f96-8827-02b25d3bf5fd,강지민,Female,28,1996-07-26,서울 강서구 93로 26
75d894af-def3-4f1d-8f15-b5b3119f312e,이지우,Male,36,1988-05-21,서울 서구 57로 65
3096f5b9-0d0d-4295-a048-2955b0754d08,김하은,Male,58,1966-10-32,광주 중구 12로 32
cfef75a0-46ca-48a3-b293-ca67505b20b4,김지호,Male,52,1972-07-29,대구 강서구 16로 49
7f84d791-f7f0-4b7c-a7f6-5eb4ecf79149,강서준,Female,62,1962-04-26,광주 서구 93로 11
85596c40-9c37-4c5c-ad52-a952de58675f,이지호,Female,14,2010-02-13,대구 강서구 29길 32
88618139-a59a-457d-9c90-79d80f9c11ee,장서준,Male,30,1994-06-21,부산 강서구 33길 10
ab84cee6-7363-44a5-adbf-ff5e13327bf7,김지호,Female,48,1976-06-12,광주 중구 46로 27
f19596cf-2c23-4927-960e-db8e020f2f3c,조아윤,Female,60,1964-01-16,광주 남구 43로 53
d65d3922-9c18-4eff-a861-ec910e7b3f9c,김아윤,Male,33,1991-12-10,대구 남구 11길 31
19272af4-6289-4031-a807-ade69ba26952,조지예,Male,53,1971-03-28,대구 강서구 67로 10
c350f3e9-b65d-4d73-a557-215e22e535a5,이은우,Male,29,1995-02-13,부산 강서구 48길 66
5c88d2cb-e97d-44b8-93f2-4841cac74406,강아윤,Male,22,2002-08-09,대구 남구 7로 81
bd9c81f2-7b85-4ae4-b0aa-2673080a4fca,최지예,Male,22,2002-05-17,광주 남구 2길 93
e5ee0610-b482-4570-83c0-0f0888525116,최하은,Male,29,1995-11-01,서울 남구 55로 17
d9faf461-69dd-4851-ad2d-6d0752f9a60f,강하은,Female,25,1999-07-22,대구 남구 61로 90
db5a2e6f-fe80-47c0-8c4e-ac69de76e2b1,조하은,Male,64,1960-07-30,대구 서구 18로 97
9d278a43-c578-42bc-8b96-5dd22cd9745a,박지유,Female,35,1989-05-16,대구 남구 89길 7
844e7029-91b6-4636-a39b-7b6d72e9b0a4,장지우,Male,39,1985-04-09,광주 남구 98로 54
e78c70ec-910c-4a66-a822-19f979a76445,이은우,Male,55,1969-03-30,부산 서구 71로 10
3fe961cd-c1f6-4dd2-b420-f4102e922368,장은우,Female,47,1977-10-16,서울 서구 29길 77
e2c6ddaa-d3c6-4dd7-9efa-cf0525716fec,이예지,Male,62,1962-02-16,부산 서구 63길 30
e93051a5-dc76-44b4-88a6-4106ecd364ea,김서준,Female,37,1987-05-31,광주 서구 79로 33
73d5436b-8fef-454a-9e34-0d55a8409752,장지호,Male,49,1975-04-28,서울 강서구 96로 93
9f279b17-a0f6-4001-b134-b309ca1f7dcf,최지유,Female,32,1992-11-04,부산 강서구 39길 30
741534b7-b168-4393-8d68-a318d49520bf,김지민,Female,45,1979-05-07,서울 서구 89길 98
dd494508-1146-41af-89d8-763d31e132c4,강준영,Female,28,1996-04-29,광주 남구 5로 18
efa5157d-7024-448a-a98a-b81ac4b04c49,박지우,Female,34,1990-08-23,부산 강서구 61길 49
0751b49b-4208-45c7-9da3-bca0a28d9050,장아윤,Female,21,2003-07-27,대구 서구 97로 10
5d114df6-5759-4501-948e-755801c49dfe,박승현,Male,21,2003-11-16,대구 중구 50길 7
73fd98d1-080f-437f-bd90-d3e81a013cc0,최아윤,Female,53,1971-03-17,부산 강서구 27로 19
86576ba0-a2ea-497e-a29a-f0aafc0cc06d,조아윤,Male,27,1997-08-03,서울 중구 91길 21
f42e23c7-ef88-4d18-ac39-76926a72065e,조하은,Male,15,2009-07-15,부산 중구 22길 70
a9e9fc17-0a2d-4749-908c-db81066ae535,김지호,Male,64,1960-11-07,광주 강서구 39로 4
288a4e14-cd46-4efa-a257-4958a306b573,박아윤,Male,39,1985-07-26,광주 중구 70길 79
09c454ac-7af6-420b-8f99-bd913fe2d16f,강은우,Female,30,1994-06-19,서울 중구 20길 8
8672cdb6-12b0-4a5b-8a99-7b0d4a3aec98,박은우,Male,39,1985-09-05,부산 서구 95길 49
75d423df-8284-4de1-96c5-48b0c74b1f2a,강예진,Female,64,1960-04-11,부산 남구 2로 48
df047864-ceec-467a-aa53-0dabfc7eb032,조예진,Female,40,1984-03-18,부산 서구 32로 37
2961da2a-4a27-4b76-91e3-94267457953a,조준영,Male,26,1998-09-10,서울 서구 29로 40
f834f22c-cab7-43fc-b580-34b1fd67ba64,김지우,Male,34,1990-05-25,대구 강서구 39길 35
5954da12-83d0-4ec3-9391-a5d32aa6331d,강하은,Male,37,1987-06-25,서울 강서구 85길 21
7631d679-9926-4131-b074-2e8080c6a2bc,장지우,Female,30,1994-08-12,서울 중구 68로 39
b0ac8421-2e5b-4395-9560-12e58bb358fd,강하은,Female,41,1983-11-26,광주 서구 34로 49
cbaa365f-4a32-419d-ab93-c95b73f0d758,조지민,Female,50,1974-03-22,부산 강서구 9길 51
f372906d-7b52-4522-bd63-00c5d4d32ca4,강지민,Male,64,1960-11-24,부산 남구 94로 41
36179e9c-d7d8-4c8d-a961-6a99ec4952ba,장하은,Female,23,2001-05-12,서울 서구 89로 29
6d77af6a-2b60-4656-bc69-ae8ceef8d4b4,강준영,Female,29,1995-05-12,광주 남구 34로 45
eeeabcfa-a9c9-4f32-a23d-ace5c4d446f1,조예지,Female,44,1980-04-10,부산 중구 43길 2
4d954897-fb3c-4a78-b7de-8aa527346bef,박준영,Female,19,2005-01-04,부산 중구 51길 31
3eeb8309-a010-42c6-9069-ab789cc41397,조예진,Male,50,1974-05-23,서울 중구 36길 44
9aa51b03-5927-4396-a359-3e3c6c1bf926,김하은,Male,15,2009-08-32,광주 강서구 60길 54
ef2c8c6e-3195-4df5-8e68-b64770413a46,박지유,Female,28,1996-04-11,부산 서구 71로 71
b3a8bb44-a154-4d24-86ce-a42f94d81e42,최은우,Male,60,1964-08-18,광주 강서구 50로 37
3eed1a81-5d18-4c22-9341-d50be40d764e,김지호,Female,56,1968-06-01,대구 남구 52길 58
0517ce33-af43-4f1f-bbe4-7702e9f457ef,이시우,Male,63,1961-02-05,광주 강서구 80로 18
4ec16f5f-fcee-42c2-a854-d2d8e1400268,박은우,Female,25,1999-01-23,대구 서구 83로 48
f86b46ee-5c80-4597-892a-30a00991e54c,조승현,Male,37,1987-03-18,광주 서구 18로 68
6280363c-4ea7-426b-bc15-028d5af3d768,조지민,Female,33,1991-03-01,서울 중구 55로 62
862590ae-d9bf-4e7d-a3ad-b2d17f0808e5,조지유,Female,29,1995-01-19,대구 서구 81로 57
79b266a0-8e54-434f-98fd-effa5b1e1ee7,조지예,Female,16,2008-10-19,대구 강서구 50로 37
7e4aaa2a-79d1-427b-8d24-c5e1bc07645a,박지우,Female,29,1995-07-10,대구 서구 1로 32
9a632dbe-f9ce-41b9-8cd5-5f00f67da74a,박하은,Female,55,1969-03-01,부산 강서구 42로 27
ab20376c-b77d-4d0f-8535-4e16ce2ef7e0,이하은,Male,16,2008-02-08,대구 강서구 57로 68
15ccfcae-80fd-4d42-8fd6-f269946d0b3c,강지호,Female,59,1965-01-17,광주 서구 61길 75
97291536-0a98-4b55-9423-b63ab224b72a,강하은,Male,30,1994-03-15,광주 강서구 41길 17
a1f49099-aaea-4cc5-9397-8d523802e5b6,박예지,Female,23,2001-01-27,광주 서구 60길 38
8d2b539c-d68b-417f-b7fb-52cbf1c045cf,박예지,Male,47,1977-06-26,부산 강서구 69로 71
372e4064-9c9c-49a3-8dab-bd383c08f17d,김시우,Male,28,1996-08-21,대구 강서구 96길 77
6374a5c7-53ca-45ad-bbfc-d460affaa685,박은우,Female,28,1996-03-32,서울 서구 94로 69
26501dc1-4ff2-4404-8515-319fff56bc7e,최예지,Male,16,2008-03-19,광주 서구 77길 51
3a012195-0faf-4858-bc28-a53965444b86,조예지,Female,22,2002-09-08,서울 강서구 71로 48
65d4810d-64bd-4478-8f69-a2ef0bfba926,조은지,Female,61,1963-08-06,서울 중구 67길 40
e4508e5a-36f4-4439-ac66-3b74cf3ecf7b,최서준,Female,50,1974-02-23,부산 강서구 37길 36
e87ca75a-af82-4b02-80e1-b470458c8892,박지호,Male,21,2003-10-05,광주 중구 37로 73
a40d1b8d-9b26-4370-937f-f1f45964087f,박은지,Female,56,1968-02-02,서울 남구 2로 56
620330cd-206d-4b25-955a-d9aabfcd94ee,이하은,Male,44,1980-04-06,서울 남구 26로 56
4db6cc79-0ad3-499e-84b9-888193bbf5d5,이은우,Male,36,1988-09-28,광주 남구 39길 34
e5215474-ce77-409b-8429-a6ae9aef3a3a,장예지,Female,19,2005-01-32,부산 중구 70길 78
4e38cd82-aef0-479c-af34-72222a8476a5,이지호,Female,56,1968-03-06,대구 남구 63로 25
c6d8d153-e005-45cd-b3a5-aee721a43256,강하은,Female,18,2006-04-18,부산 남구 93로 4
11ff3c76-e86f-4277-84ca-965e1f9ed5cd,강하은,Female,19,2005-05-09,대구 강서구 31로 56
b8994fcf-9296-4248-a273-afc1e78fbf1e,조예지,Female,62,1962-02-13,대구 남구 99길 38
ae15c5fb-3ff7-457e-99fd-b0d07d35c5ce,김하은,Female,27,1997-09-25,서울 남구 22길 11
84c25d72-797a-4e99-b50e-6d0e11968bcf,김승현,Male,50,1974-12-16,부산 남구 62길 76
5a5de306-c7d1-4c99-9893-f658157d09fb,이지유,Female,38,1986-06-15,대구 서구 80길 71
799fcdb3-9949-44ff-8e25-a876845a86ad,강하은,Male,14,2010-07-15,서울 서구 56길 91
14bb9825-d36d-4ece-a7b2-792f6de52231,이서준,Male,45,1979-10-03,대구 남구 45길 98
8d10532b-5d67-4579-9882-d49a205cbeec,조지민,Male,57,1967-08-07,광주 남구 43길 11
fcea954f-2d45-447c-a664-b99caae68de7,박지우,Female,44,1980-10-32,광주 중구 74로 6
57df7845-0f8b-4cc0-b392-0bb8bd85f3fa,조준영,Male,43,1981-11-19,부산 강서구 36길 92
71b37d94-722e-4905-b1f2-a28e4b620f3d,이지유,Female,33,1991-12-05,대구 중구 24길 67
b14a0326-1340-4816-9da9-ea5b0123f174,강시우,Male,42,1982-05-09,서울 강서구 74로 23
678ed007-a26f-458a-8ab7-10db3ee86e71,이은지,Female,15,2009-10-09,대구 강서구 74로 45
ea657285-7d8b-4c46-908c-11822cf669a6,장시우,Female,29,1995-08-04,광주 남구 38로 21
ec2fe7fa-9c0b-4d31-9354-4ee7a2312fce,박은지,Female,25,1999-06-05,부산 중구 51길 91
7b7931d8-8111-49ef-9c18-dd1fabd477dd,박아윤,Male,63,1961-10-21,부산 남구 79로 94
d2092104-71f7-4024-9333-475744ceb6e9,조은지,Female,46,1978-05-21,부산 서구 91로 90
0e59db3f-2f1d-4cf5-8b18-21f080fb52d9,박준영,Female,27,1997-03-02,광주 강서구 36길 94
d5c1275c-f3aa-4d89-9965-1abec613ffde,조은우,Female,40,1984-09-06,서울 중구 46로 63
377ca5d8-ed30-49fb-9b92-1d89d5ddd621,장지예,Male,29,1995-05-09,광주 서구 99길 54
4d341f5c-65d5-4bec-8144-0a880e0396fb,박은지,Female,47,1977-07-22,대구 중구 98로 92
0562fc25-a979-4721-a985-58478b7da8a6,박지우,Female,17,2007-08-01,대구 남구 42길 89
c77b3bc6-3fa0-4b59-8e68-792d08995a4c,장하은,Female,17,2007-04-26,광주 강서구 74길 87
44ff7125-0d58-4d5e-8231-8b18b9fbf0e8,박하은,Male,53,1971-05-22,대구 강서구 67길 6
9c21d163-9340-498d-8627-83c177fbd53a,최승현,Male,44,1980-09-30,광주 남구 25로 45
2e586550-7747-4933-b390-13da9d5ef1ca,최서준,Male,56,1968-09-15,서울 남구 61길 10
49a3ea73-0832-4da2-90af-f44dca6c20ae,장아윤,Male,21,2003-08-04,광주 남구 82길 63
8f38c3bd-de60-4c98-beb4-c949ba0a208a,박준영,Female,31,1993-01-13,광주 남구 20길 51
db3bc052-aa3e-491f-9cfd-0d1f37065ef8,강지유,Male,20,2004-07-31,부산 강서구 95길 5
8d9322bc-2b9f-436a-96a7-97b0174d4083,장승현,Female,21,2003-08-07,대구 강서구 43길 54
d701a4a4-3137-4dcf-884a-d859a3757009,조지호,Female,15,2009-05-03,대구 남구 47로 82
4d96d754-bb05-454f-9be2-6111d5aec66f,강예지,Female,46,1978-11-11,광주 서구 15로 55
ce6381bc-7c43-413f-bca3-2fa69f0a97ca,장지우,Male,47,1977-09-05,대구 남구 8길 93
bd846fef-c9bb-4bf7-b811-7bb27384ece5,조예지,Female,19,2005-03-11,부산 남구 51길 5
2f00f0c7-c8eb-404d-ac86-a221e05639aa,박하은,Female,60,1964-01-31,대구 중구 23로 55
44b347cc-682d-4a00-989e-2df474e0fdaf,최지민,Female,30,1994-07-24,대구 강서구 99로 91
b06103d7-838c-43d3-87f6-ab27fd8b7d7c,박아윤,Male,45,1979-10-24,부산 서구 78길 56
b1a81670-3c4a-4ccf-9028-12c7d11caa0c,이승현,Female,32,1992-02-06,부산 중구 41로 21
a5acb174-f648-4d48-b18a-cf84f913505e,조아윤,Female,56,1968-09-28,광주 서구 78길 5
f7034002-ba11-4dd4-909f-54441f86a7dc,이서준,Male,51,1973-12-27,서울 남구 81길 75
1780d3d6-306c-418f-b27e-c3cd2a9d8ce8,강예진,Female,24,2000-06-04,서울 서구 11로 47
4f255c90-309f-44cf-8eda-0f6247c0da60,최하은,Female,19,2005-01-15,서울 중구 83길 39
2a6948b4-23a3-4153-b48e-caac039f81ae,박하은,Male,19,2005-04-16,대구 강서구 57길 1
cf201390-1fbe-4cc8-b13f-e6b466d9dc25,이하은,Male,46,1978-09-07,부산 서구 21길 53
98ada9fc-620e-4406-97c2-c9e25f6a1bea,김서준,Male,62,1962-07-11,서울 중구 64길 23
36e28954-07c2-42ff-94fb-47255a03f790,김시우,Male,51,1973-06-19,서울 서구 92길 28
5117961c-aa3e-4403-820d-1e8aa9fd0d09,김은지,Male,22,2002-04-27,대구 중구 37로 52
9d419feb-7a10-4ff3-9e94-f7b8b73ae0fe,박하은,Female,14,2010-03-26,대구 중구 14로 63
a0f3b93e-da54-4e2f-b295-cf4f216e9073,이지유,Female,35,1989-04-29,부산 서구 34길 92
4400177d-d22a-4ac0-bc8e-237988d151eb,장예지,Male,15,2009-12-26,서울 강서구 50로 12
5cdddba2-0130-4eea-bdc4-f8a3cc2d2354,조시우,Female,30,1994-06-29,부산 강서구 21길 25
a0f91ea8-4911-4076-a76e-42a3150fc6a5,조지유,Female,64,1960-03-28,부산 서구 98로 92
ef79f0b8-61a0-4633-920f-2d88f85f0e39,박예진,Male,23,2001-05-16,광주 남구 7로 18
5d4e0f3b-e497-4f92-8dde-29a4908ad594,이은우,Female,30,1994-11-15,부산 서구 29로 31
be6b681b-a156-4e4d-ae81-5caf0c4198bb,박예진,Male,63,1961-06-27,서울 강서구 17로 84
009647ba-e7cd-4f71-81d2-95b2cde41ebd,장서준,Female,21,2003-07-29,서울 서구 91길 18
05a5bbc3-f633-4bee-8c50-3bff001c650b,조지호,Female,22,2002-04-13,부산 남구 52로 56
c9b6a0ac-42d0-4878-8c47-9a2de9ce3efa,조지유,Male,22,2002-04-03,서울 중구 15로 88
b3dac79b-12b5-49fa-8106-138d42019c80,최지유,Male,23,2001-03-16,대구 중구 83로 58
c70a1f87-3ef9-479a-9d78-0607d945d77e,김지호,Male,24,2000-01-12,대구 강서구 33길 71
3c2a4887-792f-4687-a3d7-7e282f994ed0,박서준,Male,47,1977-06-31,부산 중구 63길 87
7954e580-1412-470b-99f9-630562e0ffab,조은지,Male,36,1988-12-17,대구 서구 20로 43
1b8ca16f-0d15-45c1-b09c-b7f581efc464,조예진,Female,16,2008-02-04,서울 강서구 86로 80
a0668820-6931-4240-ad2c-735efd16b6ba,김지예,Male,64,1960-11-22,대구 남구 97로 89
18e9f6f8-aae2-43b3-9c93-377586f9987c,장은지,Female,53,1971-09-30,부산 강서구 75길 42
8b812ba8-e00c-4e5b-b40d-f782845994bb,박하은,Female,34,1990-01-20,부산 남구 8로 74
445e340e-1d99-4f00-9a64-9b54a92965be,강지호,Female,19,2005-11-12,대구 서구 31로 15
1b41ca03-0b64-446b-81e9-89c3fa9a067d,최은우,Female,58,1966-06-16,광주 남구 3길 25
d67476a9-922e-4f73-9f03-9b0df7284c0e,최지민,Male,48,1976-09-12,대구 서구 90길 39
45b5b37d-42a7-46f8-9da2-378fa3321257,이지민,Female,56,1968-03-17,부산 중구 31길 23
0a1979ba-ee97-4cf9-a679-4ff9acff5397,박하은,Male,22,2002-04-14,서울 중구 58길 75
197e4a2f-6c1f-44ef-af49-e1e25988569a,조하은,Female,23,2001-02-08,부산 남구 66로 53
67d461d8-52f7-4df0-aaf6-97251063985e,조승현,Male,39,1985-06-17,서울 서구 25길 86
530de8f9-aa12-40dd-9396-a51f2cd5602b,조지유,Female,42,1982-02-13,대구 중구 22로 19
b04fb945-47ef-4806-b610-27b04265924a,강은우,Female,61,1963-01-06,광주 남구 59로 97
66f99bee-3641-49e6-a7a8-9dc7d40fe7df,조예진,Male,51,1973-04-11,서울 중구 9로 89
c97d9987-9df9-4920-82f4-7d3c18c1a058,장서준,Male,55,1969-11-02,서울 서구 26길 15
b9317d7c-40a0-4839-8be1-73c2f077b9b7,박지민,Female,37,1987-11-14,서울 남구 27로 59
211414a9-dc29-4ed8-89de-b886d9aed9a9,강예진,Male,51,1973-10-20,대구 중구 26길 63
b59dbff2-5cf9-4aa2-8c3d-74f4a1b51404,이준영,Male,16,2008-02-13,서울 남구 27길 5
95bf1535-3439-4e40-ae1c-7e7f3edaa2ac,강승현,Male,41,1983-12-09,대구 중구 18로 82
a86d06a8-c1f3-455f-a0f4-a26cc8cab0e6,강은우,Male,38,1986-05-27,서울 중구 31길 42
72e2aea8-41d0-4853-9eaf-480dd225b366,조아윤,Female,37,1987-05-32,대구 서구 59길 69
4e3281d3-7d8b-4879-8aea-e67b2b1fa22c,강승현,Male,54,1970-12-09,부산 서구 75로 57
864b7a88-4687-43fd-8907-7cfba8721eb5,강서준,Male,45,1979-12-06,서울 서구 40로 98
dd614d8d-b878-42e4-81da-8ebfa94494f7,최아윤,Female,14,2010-03-29,서울 서구 12길 85
d408dc3e-be69-4af0-8323-b29e3d0867e2,장지유,Female,35,1989-12-29,부산 강서구 83로 40
5589b344-4420-4231-9c9a-be3fab4a0e1f,조아윤,Female,27,1997-11-09,대구 중구 3길 9
8e1c9bc6-a4c1-4103-b537-39ab86846862,최아윤,Female,41,1983-04-31,광주 서구 15길 16
19b8c1bd-6749-4f5c-b0d6-e289996b33b8,조아윤,Female,58,1966-04-31,서울 서구 51로 78
be5e4fb2-dfc3-491a-a8c0-5a282752a060,박아윤,Male,15,2009-05-25,대구 중구 2로 78
0a165cbd-6111-464d-8376-f370ce2613a9,최은지,Female,32,1992-11-16,대구 남구 4길 65
53b1d357-5856-4204-98de-b459374596a6,조예진,Female,28,1996-01-29,부산 강서구 57길 80
f4b7647f-ba35-498f-98f3-038e5575ee06,박지우,Female,30,1994-08-08,부산 강서구 38길 23
28f160a2-3e4d-47aa-931b-7cc1a7412e21,장시우,Female,44,1980-09-26,부산 서구 58로 46
49fe3ebc-91bf-4ab9-9532-3d104f9085ce,강은지,Male,54,1970-04-07,부산 남구 95로 11
a0d20ab8-7bbd-4ca9-9f74-e5d65f026c43,장지유,Male,36,1988-02-21,서울 서구 46로 96
fa38210f-b20a-4fe0-a995-f9ad9c45e3a9,강은우,Male,42,1982-10-18,서울 서구 32길 74
a0e65247-d16d-4346-8036-d66f56613d6c,이예지,Male,57,1967-08-31,서울 강서구 92로 38
54a2a1d0-28be-4c1a-87b8-ec0a71808b2c,이서준,Male,55,1969-11-03,부산 중구 55길 33
88fd3174-cfa8-437a-bb50-1da453935648,최시우,Female,62,1962-09-06,대구 서구 12로 1
a8702e96-3749-40e8-9847-6cc2e133dcd1,이하은,Male,62,1962-11-15,광주 강서구 28길 39
6e8bae00-99e9-4ab6-b463-1f7e004b2aa1,최예진,Female,36,1988-02-11,광주 강서구 34로 12
cfc1f599-3f27-4069-b7cf-881a81d97da7,강승현,Male,56,1968-10-06,부산 중구 6길 30
03d3bf0d-2c0a-4163-8feb-cbb8771dba43,강지예,Female,43,1981-04-04,부산 중구 58로 42
d90d3d64-2c3a-4f97-bc29-0f776728765c,박예진,Male,39,1985-07-28,대구 서구 36로 37
ee865377-2980-44bc-bb4c-75249538f973,최예지,Female,51,1973-03-28,부산 남구 61로 15
c98db8e2-e6b8-430c-9e0b-354c300a4440,조은지,Male,46,1978-04-23,서울 중구 75길 45
d7e6e3c1-effc-4fe1-8617-656a17f16330,장승현,Male,47,1977-08-20,부산 중구 32길 60
1b17611c-993b-483d-a5ce-8d38f6867401,이은지,Female,16,2008-01-19,서울 서구 8길 56
18dffe7c-ae9e-4636-afae-686b0f2516da,장지예,Male,62,1962-12-03,서울 중구 95로 10
1cb8c5c0-ed0d-4858-8845-44aeef43972a,이은지,Female,28,1996-09-21,부산 강서구 86길 94
cd7dbcbb-d466-4a70-a738-202f9ba2c890,이아윤,Female,53,1971-04-24,대구 남구 7길 70
80f739d9-5a8e-4ecb-a7bd-66e73a957dc3,조하은,Female,55,1969-05-05,광주 서구 21로 35
0c292bdd-cbdd-4ce6-804e-f07bbb2d82fb,강지호,Male,18,2006-06-23,서울 강서구 30길 81
de1d38ea-d1d3-46c4-92ec-f6cd5e0f7996,김지우,Female,22,2002-04-22,서울 중구 39로 88
a672d11f-c405-4335-8245-b362f8e8dd12,최준영,Male,39,1985-04-17,광주 중구 91로 40
84746e22-7b28-4538-8a6c-4051c8b7e433,김은우,Male,51,1973-08-14,광주 남구 59로 73
b79e6650-a884-483b-85a2-68c01d462922,조승현,Male,42,1982-06-02,대구 중구 50길 68
42cdf11a-bba5-4c5a-8b83-ae5a22c95a08,장지우,Male,27,1997-09-18,대구 중구 18로 22
7dca5579-9597-4056-86ba-ff2b2cbed1ae,박하은,Female,44,1980-10-25,광주 서구 21길 86
b478867a-5096-4365-9b8e-e6b3a9377360,장승현,Male,53,1971-02-16,대구 남구 27길 80
eb50c106-5ccf-4a19-b5c0-64d4a6042f47,조은지,Male,30,1994-05-15,부산 중구 37길 13
da5621ed-cf7a-478f-a272-0a848ce3c1ce,조하은,Male,42,1982-07-17,서울 남구 71로 89
fbca0f50-9b4d-43e0-8603-11afed603309,김지민,Male,44,1980-03-17,대구 강서구 67로 15
152b7194-c0b4-457e-be7b-6dca1cc71920,이하은,Male,24,2000-11-07,대구 서구 34로 59
65a1dfc5-d56a-41dc-97b6-78b22b677276,최예지,Female,60,1964-04-16,부산 남구 55로 83
48f17d77-c593-44ad-b255-13145bdaae5e,조지호,Male,32,1992-06-12,서울 서구 30길 67
1b81ce3b-7422-4b36-a2b9-5c6df0440f21,이서준,Female,42,1982-08-32,대구 남구 42길 12
b5e31c16-a67e-4c30-9d74-0cd5c40c175e,강지유,Male,33,1991-03-14,대구 서구 98로 41
50cb3fa3-cff8-4952-9ecb-e29be292a819,이하은,Male,25,1999-03-32,광주 강서구 16로 42
44407169-1448-4408-8cc4-6cefe117f2e0,강아윤,Female,33,1991-10-11,서울 서구 64로 85
fee16cfe-2efe-4d9f-a028-49a0fc8de0de,박예진,Male,50,1974-11-29,광주 강서구 24길 40
0c0f8a9d-90bf-4f55-9787-11b3456c390a,김승현,Female,29,1995-11-29,광주 강서구 63길 16
b3794d3c-cc75-46f9-86d8-fa6b980bc2d7,강준영,Female,39,1985-04-27,대구 남구 92로 87
23f71837-7ded-4155-92b9-213d74258d37,박예진,Male,35,1989-04-05,대구 남구 20길 4
6b52c2c7-37ea-4232-9353-d8e2e416a348,조준영,Male,45,1979-02-25,대구 강서구 48로 81
d49f9f3c-4c43-4e60-bcad-d005ffc5dbd2,조지유,Male,39,1985-01-18,대구 중구 19로 21
1db4bbb8-c022-4412-9870-2c02f659ebcc,조승현,Male,20,2004-10-29,광주 중구 40로 20
61e72085-5692-4376-8ea1-eef5ada62b83,김서준,Male,37,1987-11-02,서울 남구 75로 7
e27288b4-de98-4051-8802-bb727c794fcb,장서준,Male,24,2000-06-26,광주 강서구 81길 3
36f13e67-112d-49ad-b1b4-8cdf1ba68172,김하은,Male,58,1966-09-13,서울 강서구 78로 69
c067154f-6c74-450c-92af-8a9c77ef55af,조은우,Female,42,1982-02-17,서울 중구 61로 15
928b8f7c-0537-4ce3-a9a1-696fd32f3923,김지우,Female,54,1970-10-25,대구 강서구 90길 52
58c75a22-3d22-4896-b5fc-4e038f8b198a,조예진,Female,51,1973-10-15,광주 강서구 32길 34
e3045518-bcfb-4318-a01d-6c5a0953e251,강지우,Male,39,1985-03-10,부산 남구 62로 67
8cec0b5f-2fb6-4526-8410-d21f6fc2fca9,조준영,Female,15,2009-02-07,부산 중구 63로 59
869eb63f-48a6-498c-9ba1-0cf15e0490f8,김시우,Female,45,1979-04-11,광주 남구 17로 76
58724720-f56a-458e-95dc-e20acb2d0b44,이예지,Female,43,1981-06-07,서울 서구 87길 79
04988a51-4fc7-49e6-afab-671191400710,조서준,Male,23,2001-05-28,서울 중구 61로 8
bf2a231c-056c-4c2a-a6cc-6ac5fb71b7ea,조준영,Female,20,2004-07-17,광주 중구 59길 60
ecdf626d-184a-4e3a-aa6a-f5911a811780,박예진,Female,26,1998-03-03,서울 강서구 76로 45
e6c71ed2-fdef-4895-ac90-5b1379abb474,장지우,Female,23,2001-08-18,서울 중구 96로 41
93fe4eb5-3fd8-4b33-95d2-5af5b9058a16,강준영,Male,64,1960-09-22,광주 서구 48길 85
f74dc366-e529-4bd1-b119-eb7408aea46c,박시우,Male,54,1970-02-20,광주 중구 57로 63
74d630fe-0a78-45cd-8e07-76baf9ff2dac,이지예,Male,36,1988-05-11,광주 강서구 12로 72
29f3190d-f5b2-4947-891f-0b60bf1bf1ea,강아윤,Female,23,2001-05-18,광주 남구 7길 74
a984b43d-cd71-4589-a554-d7c09ea3cfe4,조지우,Female,19,2005-10-10,서울 강서구 81길 19
a296863d-3e82-495c-97d1-db81091745ff,김지예,Male,61,1963-11-13,서울 중구 30길 40
785bda02-0829-4bb4-9fb3-cdd4d0f1fe3b,박하은,Female,20,2004-02-10,광주 강서구 94로 29
6d2c8c71-0907-449c-a3e9-56280dbb9323,이시우,Female,19,2005-05-01,광주 강서구 43길 82
586677db-1566-43ff-b11c-b29a9fa7b964,이은우,Male,58,1966-01-12,서울 중구 51길 97
d6f54f19-53f8-475c-b525-2344f525ec10,강은지,Male,58,1966-07-09,대구 중구 62길 50
cf22766c-5960-4ed7-87d1-7a68fa8585a9,박지민,Male,32,1992-07-29,부산 남구 52길 68
a12fac71-4138-4216-85a1-553ef1006c9c,장은지,Female,14,2010-01-07,대구 남구 62로 34
fd8f0c56-e8df-4fce-b847-caea03744ea2,조아윤,Female,41,1983-06-07,서울 서구 76로 23
8e3bfdb3-2e0d-419d-8589-13f1322980dc,강지유,Female,30,1994-02-07,서울 남구 9로 71
bdeb398b-8edd-41a6-90f0-ae201aa9b8aa,이아윤,Male,63,1961-04-11,광주 강서구 22로 60
7e36f25f-c9e5-468a-ab0b-3ccf66924ae2,이예지,Male,17,2007-06-28,광주 서구 67로 59
47ec52dd-9835-44f8-9927-c4e5556f2182,강지유,Male,38,1986-11-20,서울 강서구 67로 99
b2a64948-917e-4bfc-8428-8399d693f8a4,김서준,Male,35,1989-01-17,서울 서구 83길 80
cf5dc930-d589-4f50-8df3-0404c191af19,김지예,Male,36,1988-11-24,광주 강서구 22로 67
896c5a15-e550-4876-95b1-108b4a88626a,김지우,Female,18,2006-07-21,부산 강서구 84로 3
b41f9532-853d-4246-8326-228b6264d6c0,박하은,Female,41,1983-08-28,대구 강서구 1길 1
6a617f50-bde3-4173-9141-0b17a8c130dd,박지민,Female,56,1968-09-01,부산 중구 76로 10
e8e1644f-6670-4b2a-99d7-a9c2cc44d496,이준영,Male,47,1977-03-20,광주 강서구 48로 79
dc88099b-fc00-4e81-bb7f-20cc08638b2a,이시우,Male,50,1974-03-31,대구 남구 58로 20
29ac2bf1-ac82-4276-8961-d66e292e1035,최지민,Female,39,1985-04-20,부산 서구 8로 33
7586dc3e-9415-4bd7-99e3-c66f89273e0e,조지우,Male,34,1990-08-23,대구 서구 27로 29
2ebf6ebd-64ef-4adf-9eba-bec33f978469,조지호,Female,57,1967-03-18,부산 강서구 50길 39
afbdc6da-7746-4c29-87f8-295535f417bf,박승현,Male,60,1964-12-04,서울 남구 91길 2
78fd3a4c-e4ee-4ab5-ab53-b9cb328480e7,김승현,Female,27,1997-08-32,서울 남구 86로 27
faa0f826-2733-4529-ab1d-c54b6859d454,강서준,Male,39,1985-04-20,대구 서구 62로 61
26b214c1-d0ef-42bf-aeee-d345875d9458,박서준,Male,47,1977-09-30,부산 서구 12길 95
ba37aea7-2cfb-4e95-8a89-0047538a39f1,김지호,Female,61,1963-08-17,대구 서구 81로 36
2de16ec5-5fb7-4195-9e79-37f00e274caf,이하은,Female,50,1974-09-26,부산 서구 44길 26
cbb29c36-1c25-4f2d-ace7-99b84ebe982b,박지호,Female,18,2006-04-20,서울 남구 52로 65
f0c1dd2d-aff7-46bd-8294-91eed3f5ca0d,조서준,Male,37,1987-08-08,대구 남구 73로 79
3955151c-9881-46ee-be40-aaf900348c04,최은지,Male,14,2010-10-28,부산 남구 9길 81
afc1f9eb-47f9-4c84-ad38-4414a2d79093,최하은,Male,60,1964-06-22,광주 강서구 26길 88
06f44371-77e2-42ab-9445-19ce90c2919b,최하은,Male,22,2002-02-19,대구 강서구 15길 5
daa43261-d697-46a5-b624-0959e398932f,장아윤,Female,42,1982-03-32,부산 강서구 87길 20
fdf139fe-d02e-4365-bf2d-2cedbb816511,박시우,Female,46,1978-04-17,대구 강서구 13로 55
6d52b8a9-a5cb-4da3-ba50-97eb5857d061,강서준,Male,48,1976-08-12,서울 서구 43로 69
a9accdc6-078f-472d-aa09-d6311b4fccc4,이지우,Female,45,1979-10-07,서울 남구 17길 82
ee985b24-cb30-4db2-a2cd-66c94fb71e92,이하은,Female,26,1998-03-16,대구 중구 8로 62
f30b34f1-9a6b-4873-99cc-dd3fd2600356,박준영,Male,14,2010-04-11,광주 강서구 30로 51
fd9179e7-e33a-4879-b835-f61b0e7ed9e6,장지유,Female,14,2010-12-32,광주 남구 90길 93
bea8d343-5400-4756-8f49-160b44ac0e1b,박지민,Male,57,1967-08-01,광주 중구 76길 87
44709e91-9d7d-4233-b2c2-e4d7e570203e,장하은,Female,30,1994-09-20,대구 서구 76로 39
ef4fc3cf-6c09-41bb-8d7c-9a40808726c9,박지유,Female,15,2009-05-09,대구 서구 26길 39
400bfa2f-ee01-40c5-97dc-302cfa0f09cc,이준영,Female,36,1988-06-21,서울 서구 67로 86
a355ece9-be38-4a64-bbc3-866120dd14ae,장하은,Male,28,1996-01-25,대구 강서구 8길 2
e1f707c8-2308-44d5-8da4-189b84bd090f,박하은,Male,33,1991-07-23,대구 중구 47로 99
9c8644ce-0f73-4ca8-8576-a954ff180fcc,강하은,Male,33,1991-06-05,대구 서구 19길 43
3d4841ed-76f0-4575-b837-a81ea2649315,박준영,Female,51,1973-09-10,서울 남구 35로 80
12939d18-97a2-455c-9a3f-c50750f4825f,이예지,Male,30,1994-07-30,광주 서구 30로 91
0bf50b06-1634-44a2-a070-eb9b11b81592,이은우,Female,20,2004-12-22,광주 서구 57로 53
1553840d-e945-444e-b105-9ecf2c420602,조서준,Male,48,1976-03-01,부산 서구 44길 67
c1a7a781-79ba-4e8c-b768-964bad1a9313,김지예,Male,50,1974-12-20,부산 중구 33로 96
1568d7bb-a1aa-4eee-9aee-5272824a1f8b,강준영,Male,25,1999-05-27,광주 강서구 56로 78
4cd5b58d-e977-41ec-8c29-031782acf5bf,김지우,Female,59,1965-09-27,서울 서구 26길 97
78c8821c-39c9-435d-9c68-bedcab65cec5,강예진,Female,56,1968-12-26,대구 중구 4로 32
7e90733b-32ff-47db-b2e3-4367d748b272,장예지,Female,48,1976-09-13,대구 남구 95로 17
31014453-adb2-491e-81b7-561cf0f2c022,이시우,Female,36,1988-11-30,대구 강서구 61로 71
82878975-16f7-4d3c-8879-56b3e91d158b,이지유,Female,53,1971-07-09,대구 강서구 83길 77
72e8a206-a6da-4aa2-b498-1761bb642e2b,최은지,Male,27,1997-09-25,광주 서구 9길 10
1eda993d-5fa0-4dd6-9426-4312aeb21e9b,이지호,Male,36,1988-12-02,광주 강서구 72길 66
e85c9176-fea6-41bb-b043-cdf7d9f48c99,조서준,Female,18,2006-01-22,서울 중구 16로 17
8787abc7-84f6-49d7-b278-1643ae11e358,장지유,Male,33,1991-08-18,부산 남구 39로 27
67eb72d5-bf15-4c0d-9cbc-401d75f58a2f,조하은,Female,14,2010-11-11,서울 남구 49길 18
5730cf47-95d7-4309-b3fe-281cdf7bdd13,이시우,Female,54,1970-03-30,서울 강서구 69로 49
bd8b0ddd-84e3-4087-a12e-7ff9d9ff2bde,강시우,Female,28,1996-08-06,광주 강서구 21길 82
7b8fe015-7be7-44f2-a0b8-f38f064e5df2,강준영,Female,15,2009-03-10,부산 강서구 91길 43
5e53044b-bb39-4740-ac87-5cf77beea15c,김하은,Female,52,1972-07-02,광주 중구 15로 14
d4bae6f1-6543-46a7-a688-2980a1d66eac,박예지,Male,51,1973-01-15,부산 서구 19길 36
28959940-f18b-4ef2-8496-ccc254a97b23,박예지,Female,22,2002-03-26,대구 남구 3길 99
0ce2f11e-92bf-4231-9ba4-710c12f1ddaf,최하은,Female,51,1973-07-02,광주 남구 92길 8
bf5e1c58-d6f2-41b5-92a1-2babf7bbf793,강지유,Female,35,1989-06-15,부산 남구 67로 4
3e84db9f-d29e-4601-9d5f-a56bc363128f,장은우,Female,18,2006-04-21,서울 남구 79로 50
fc882a5d-a7f0-4f2f-bf51-df3760490534,이지민,Male,50,1974-09-22,부산 강서구 23길 35
fd85d742-a581-4513-a927-a6278c417cd6,최서준,Female,60,1964-01-13,서울 남구 67길 74
f3294612-086c-4052-9c4d-682975845e54,최승현,Male,15,2009-12-30,부산 강서구 6로 43
21a266e0-f976-4bdf-9657-d873b1f82f23,최하은,Female,59,1965-12-31,광주 강서구 5길 84
0f99f13a-7be3-4537-bc3d-c069cc197321,장시우,Female,26,1998-02-10,광주 중구 24로 49
7c1b981c-7681-43bd-ade7-1279aa2a25c0,강지호,Female,39,1985-01-31,서울 남구 87로 19
59188dfd-c648-4200-86cd-978a218f687d,김아윤,Male,51,1973-11-19,광주 중구 9로 93
a089502a-c8a8-46ac-9723-70a4d7d03f68,김시우,Female,44,1980-12-29,부산 서구 10길 67
fdf82d0c-7b55-47d5-8088-c77594fbe1d6,박은지,Female,52,1972-08-22,대구 강서구 43로 81
a4a08472-80f5-4603-8e86-e9c6295c7499,이지유,Male,27,1997-03-08,대구 남구 79로 1
31257de2-04bb-4623-8513-237c1b495815,김예지,Male,53,1971-11-19,대구 중구 86로 79
2bcc30cb-060c-4d83-947f-c161118d110e,최아윤,Female,15,2009-08-30,광주 남구 3길 3
820a5a72-2bd0-4478-847c-ee9dc1b99fec,강지우,Male,16,2008-01-17,부산 중구 74길 69
0e99b12c-e811-498d-8700-9961fea53458,장예진,Female,21,2003-12-19,대구 남구 8길 7
7338f17c-dee6-43b9-bf4b-9c2a1e9646d2,장하은,Male,14,2010-03-18,광주 강서구 6길 72
619e3fc7-f634-4d2b-b946-0a936d27f2ef,박하은,Male,58,1966-08-21,부산 강서구 92로 5
af0d91d6-f109-4e87-bd17-786e26de1410,최은우,Male,52,1972-09-20,대구 서구 2로 42
1e871b9b-1bed-4911-94a7-97436d9c804d,김지호,Female,42,1982-08-22,광주 남구 47길 1
2db0fd97-981c-49a8-b427-cffe62f337b4,최지유,Male,14,2010-09-22,광주 중구 48길 18
4c425cf3-a17f-42b6-b5f1-447f342b1b64,장시우,Male,35,1989-11-30,서울 강서구 22로 34
61f82fdc-98c4-40aa-8e17-92576f25eb56,장지유,Female,37,1987-12-24,부산 서구 14로 75
ca08fd96-5725-40c5-b889-44775d126c58,최하은,Female,29,1995-11-28,광주 남구 86로 26
6c521c1b-e230-48cf-8b11-4e4c5628c111,박준영,Female,34,1990-09-21,광주 서구 92길 71
71e581fc-d81a-42d6-b256-284c934cf968,김지우,Male,44,1980-06-29,서울 중구 25로 57
b271be6c-1dbc-49ac-876c-3f0e5ac03d31,이예진,Female,25,1999-08-10,서울 서구 70길 88
1b2cf03f-e7fd-4810-94a1-751123544b29,박승현,Male,43,1981-04-02,광주 남구 8로 85
2becb31d-ff41-4e91-91e7-7f99177ae849,이예진,Female,17,2007-12-04,광주 남구 13길 78
223958b1-a04c-4edf-b4f3-a87b398352a7,강은우,Male,23,2001-08-02,부산 서구 35로 26
63952848-29c8-4a4f-a7e2-d6a14045d9ae,장지호,Male,28,1996-05-21,서울 중구 89로 52
d3fece8e-d94e-43b2-b96d-367fa0ff4765,조지민,Male,62,1962-04-22,서울 서구 9로 87
c5651b96-8b93-4adc-889d-5bd4340dd61e,이서준,Female,38,1986-05-04,부산 중구 95로 23
13fdd090-d4d3-4c76-9081-c02b58b30987,장승현,Male,57,1967-08-11,광주 중구 39길 58
4fd41d07-dab2-46a9-b613-e9a1b89247d4,장예지,Female,54,1970-04-14,부산 서구 89길 87
270d8bac-dc26-4247-8383-7bcdeae8d6a3,김아윤,Female,62,1962-07-09,서울 남구 51길 2
b201fcff-e9a4-4592-abc3-243b2d61fcf1,김지민,Female,49,1975-09-29,광주 서구 90로 60
8cc43acd-5d30-4dd0-9ccc-0761620c8a0d,박지민,Male,43,1981-05-11,광주 강서구 78길 39
836f2e60-28f3-4e37-8180-753d22adeced,장은우,Male,64,1960-09-19,부산 강서구 56길 31
74c587dc-e167-4b4b-91f7-449759c49454,박예진,Male,37,1987-09-07,광주 중구 51로 27
de8002d3-3701-4e68-bd28-07adddd695a7,강지민,Male,52,1972-11-15,서울 남구 73길 89
21fb25bb-4662-4fd0-8e0d-650d65036a36,박지호,Female,62,1962-03-32,광주 중구 82로 81
a31eddd3-7d18-49cd-9b80-b7bd321b7cf2,장은지,Female,30,1994-04-06,대구 서구 9길 63
4b11ecd1-a4c1-4100-acac-c08d63b68716,박은지,Female,25,1999-08-13,광주 중구 10길 43
8b6dd972-3c3a-449a-9c1c-ef1a1110a9e6,장서준,Female,47,1977-04-11,광주 서구 16로 9
41bdf6e2-6773-4205-9e3c-b7d3b53cc4de,장예지,Male,20,2004-09-19,서울 서구 61길 4
6680b723-3d72-4ff0-95a1-4c7f864c218e,박하은,Male,22,2002-03-21,부산 중구 83로 41
d34e1ad1-917b-44f3-bc92-d4e888e146a4,이지민,Male,48,1976-11-15,광주 강서구 46로 55
890da4a7-b086-4cd1-a3ba-5ce5e81f4f6a,강하은,Male,17,2007-04-26,광주 서구 17로 16
3a7c0f71-460b-45f3-aa14-03be2147964d,이예진,Female,19,2005-02-22,부산 서구 27로 25
3dc880e5-dc2b-4985-8ac1-016aad9af2e1,이지예,Female,46,1978-01-21,부산 서구 25길 3
e42a71e4-76af-4ab4-8c93-0c333a431e57,박서준,Female,43,1981-03-21,대구 남구 62길 93
eddd0f1a-c568-48fe-873b-992b64fa9a57,장서준,Female,54,1970-01-17,서울 남구 95로 40
959ea477-d97c-43a5-8f11-44644f3f5d15,장예지,Female,57,1967-07-22,대구 서구 5로 97
54492944-3b9e-4fab-8fd6-6e33c8cd1b16,장승현,Male,53,1971-10-15,대구 남구 42로 38
62acb79e-72c1-4178-b9fb-b465dc6703d4,이은지,Female,31,1993-11-21,대구 중구 91로 57
2aab3dca-4532-42d0-94c3-be6f7cd9d26e,박준영,Female,14,2010-02-19,서울 중구 42로 85
e83d2415-14d9-4022-90f1-f62d9fd0a983,장지우,Male,58,1966-09-19,서울 강서구 26로 86
76494e98-e3df-442a-bd4a-3e0f4f7ae9bf,조시우,Male,21,2003-09-31,서울 중구 30길 41
335acfb9-3b37-4554-8178-87f626ea01c0,박승현,Female,50,1974-12-14,광주 중구 53로 75
0a6754f3-4adc-454f-b32e-ee7f53dd9f6a,장지유,Male,64,1960-09-22,대구 남구 36길 34
9027edbb-a636-43e1-a18d-f09eb83dd175,최지유,Male,61,1963-03-22,광주 서구 58길 94
454b37d6-5511-45e5-a2aa-6f7ed86decdf,최은지,Female,44,1980-04-02,광주 남구 56로 45
129a516d-e99a-478b-9418-1719f1eede12,박예지,Male,22,2002-04-23,광주 서구 24로 68
650a3987-5ef9-42e4-a6bd-c0c6f0f0877d,박지예,Female,59,1965-11-30,대구 남구 22길 33
13c4e5eb-6afe-4c4f-9de0-ab973fcd2aee,조아윤,Male,48,1976-04-21,대구 서구 60로 32
df122892-1ac6-4f4e-98c2-1ea979bf9098,장지예,Female,54,1970-07-06,대구 강서구 69로 65
30f02596-4b85-4e99-96d5-20e07d6e85e6,박하은,Male,21,2003-10-23,서울 서구 3길 47
5049c3de-48f2-4db1-848e-3515c638c1df,이은우,Male,34,1990-11-21,광주 서구 48로 34
d9b7e224-4129-47a6-a8c1-75598b4aeae8,장아윤,Female,39,1985-10-12,서울 남구 86길 74
2c7316f8-864d-40e4-af39-aaeb1adaae7b,김아윤,Female,50,1974-06-12,서울 남구 26로 49
2674b95d-5b19-48ce-ba4f-6f0da403b22c,이서준,Male,22,2002-05-16,부산 서구 3길 1
0d49bbcb-6fa7-4b77-9bc8-b1123f360d68,장하은,Female,33,1991-03-23,서울 강서구 19길 22
156431b1-3833-4193-b501-b80b4cc925dd,조은우,Female,23,2001-09-23,부산 서구 49로 8
cd64ea2c-696e-4ada-8723-3459141fa7f1,장은우,Male,38,1986-12-22,광주 남구 84로 60
4daf653f-a728-4284-8c32-fd5a64da7fe9,박지예,Female,60,1964-12-28,대구 중구 82길 48
f66896f1-5dd7-40a4-ae91-a9e633d2c3cc,조하은,Male,64,1960-05-23,광주 강서구 74길 7
6f023e9d-47ad-467a-9b61-f677acfbf888,강시우,Male,62,1962-11-22,부산 서구 81길 39
f8ff0835-b4e8-4fe1-ac04-b1aaaf0df928,최시우,Male,59,1965-03-15,서울 서구 43로 25
5e984814-2454-4c8b-a088-cc3f55d35eb2,조지민,Male,16,2008-11-13,대구 남구 29길 68
c95ac66f-ebe9-4ae0-a073-5ce1b2f3db4e,조하은,Female,28,1996-10-30,부산 중구 61길 23
e9924ad5-17ef-4b47-b332-0feeb3749001,조준영,Female,49,1975-02-05,부산 중구 43로 3
d67f3c69-8a2f-4336-be78-1ccf6e585305,박은지,Male,45,1979-11-18,부산 중구 87길 67
c9f9366d-9b40-4031-a16c-bcd39d970573,장하은,Female,54,1970-10-12,대구 서구 75로 73
173ad2c1-1185-4a01-9a9d-8fbc159e90e5,강지호,Female,35,1989-11-17,부산 중구 18길 66
4e9f70f5-240f-4bca-84cf-8995efe74c84,최아윤,Female,58,1966-06-20,서울 서구 83로 92
23cd41c5-d881-43a9-b550-cd82fc7177b1,김승현,Male,61,1963-01-19,대구 강서구 19로 64
e5366da6-c18e-4a2e-b1a6-ade4d3cca814,박은지,Female,58,1966-12-16,광주 강서구 80로 80
32e025ac-59f5-4e2d-af20-0078b16fd9b7,조지민,Male,62,1962-05-14,서울 서구 27길 76
79cc059e-3664-4923-af04-c512089fe2f7,최예지,Female,27,1997-07-14,광주 중구 37로 35
ad2d555c-d430-489f-b22a-7165335b91f8,최하은,Female,56,1968-07-14,광주 남구 67로 85
ab5c8ca4-db36-41fc-bc6b-2c561d92a4f1,강서준,Female,39,1985-05-20,대구 중구 24길 97
b21ae180-d976-49bb-81f2-4b6abd707adb,최지호,Female,52,1972-02-12,광주 강서구 76로 46
c701ee6f-63cc-4e79-b05e-fc5149bab262,조시우,Male,20,2004-02-22,부산 강서구 66로 99
1cd710ca-78eb-42c8-80d5-383a5afcbd45,김은지,Male,56,1968-09-21,부산 남구 36길 2
48b8d675-3bc4-4af8-907d-f7fc0eb65a57,이은우,Female,20,2004-12-26,광주 서구 17길 5
ec0a7b65-f73b-43da-bca1-9ed9cf525def,조은지,Female,44,1980-01-23,대구 서구 81길 97
bd8cff31-3980-4225-8399-b4373cc03510,박은지,Female,39,1985-04-03,부산 중구 23로 27
00776f70-700f-444d-972d-c9d5a80fa197,조예지,Female,42,1982-02-16,서울 남구 81길 2
480f403d-f6c4-4281-a595-587ed7ae9c63,이예지,Female,50,1974-06-29,서울 강서구 53길 40
f023a4cb-770e-42cc-bc3c-2e2ec2f0b73e,장은지,Female,49,1975-07-17,대구 강서구 26로 89
03c0bc55-1a50-4eef-b79d-ce800eefb5db,김시우,Female,14,2010-10-15,부산 남구 99로 63
9f2f195f-da28-40da-b583-684c43e32522,최서준,Female,38,1986-07-24,서울 중구 39길 37
ecdc85b6-e063-4b16-afd9-f2919b46ef19,이승현,Male,35,1989-08-24,광주 서구 97길 22
b4b5b509-8fd9-4187-a121-2a500d7d0380,조시우,Female,32,1992-10-23,광주 중구 87길 14
1ece5047-39db-46d5-8ba0-307f3f9c7db0,강지우,Male,30,1994-06-23,대구 서구 30길 75
48703b06-7fde-4708-9623-4f82c89ad787,장승현,Male,40,1984-10-04,부산 서구 2로 97
c22d0a99-ff7a-4225-b6b9-8f43f42bd622,박예진,Male,40,1984-06-11,대구 강서구 50길 49
5a9cf6ad-0f1a-4890-a7bf-ce084d620313,이하은,Female,21,2003-08-10,대구 서구 5길 85
9148dfcd-ad40-4dec-bea8-f5c868fcad1b,이준영,Female,34,1990-04-31,서울 중구 7로 2
99e53615-de10-45cb-b397-f7907ee91b48,장하은,Male,31,1993-10-23,부산 강서구 29길 35
1cd0c6d0-5e80-4fd6-9b01-5ddde6299217,이서준,Female,49,1975-04-08,대구 강서구 43로 21
48262911-4796-4e63-95ff-398089ab6d23,조은우,Female,59,1965-07-18,부산 남구 51길 43
ce40ab32-69f2-47ac-836e-7898acb61a52,조서준,Male,24,2000-05-07,부산 남구 17로 21
6ac61aa4-490e-410b-87e5-6c76e85df6a4,조승현,Male,64,1960-03-01,서울 강서구 25로 57
7395dd2c-5de6-4cb5-baeb-3ab4f3adc220,조지우,Male,19,2005-08-32,대구 강서구 35로 29
2d36c32d-50c7-4c03-9ac9-687caba8104d,장은우,Male,47,1977-02-11,부산 서구 9길 12
636fc1d9-6635-41d6-8eb7-cf0424fd750e,장은지,Female,26,1998-10-01,서울 남구 92로 29
59287311-78eb-446b-aca7-c37efd05f2f3,이지호,Female,55,1969-09-15,대구 강서구 64길 56
8036215b-187e-4114-b583-28c5554f7471,강은우,Female,56,1968-08-10,광주 남구 90길 52
62fb5bf9-184b-4292-8413-663a0a48d099,장지호,Female,34,1990-01-07,부산 강서구 69길 56
f2ce06a9-083a-4dd5-b8f4-b71d4fcdcd80,박승현,Male,33,1991-10-05,부산 남구 51로 84
7e0be3c1-65e7-4b71-893d-dfd53bcd3598,조예진,Female,27,1997-01-18,광주 강서구 62로 52
4a9a14a8-4d2c-43fa-899b-fb11fdd3c292,강은지,Male,59,1965-07-02,대구 서구 40길 25
65a0fbac-4fc8-486f-b19d-0671c05068d5,김시우,Male,55,1969-10-24,대구 서구 64로 56
